comparison,condition_number_full,delta_r2,delta_r2_ratio_vs_primary,dropped_zero_variance_columns_full,effective_p_full,n,nb09_primary_delta_r2,nb09_primary_partial_r2,outcome,p_full,p_reduced,partial_r2,r2_full,r2_reduced,rank_full,status,subset,variant
RQ3,229.26094517328386,0.6209535712797958,0.9999999999999452,0,,3835988,0.6209535712798299,0.6392520223337895,A,23,8,0.6392520223337517,0.6495783552689848,0.028624783989188995,,OK,FULL,V0
RQ4,301.2599021399668,0.006590267505281688,1.0000000000127864,0,,3835988,0.0065902675051974224,0.018806679336993738,A,27,23,0.018806679337232148,0.6561686227742665,0.6495783552689848,,OK,FULL,V0
RQ5,1172.8096165798327,0.15076997613705012,0.9999999999997717,0,,3835988,0.15076997613708454,0.4384997592528629,A,45,27,0.43849975925282125,0.8069385989113166,0.6561686227742665,,OK,FULL,V0
SENS_M2A,286.4925541099341,0.00584458354250883,0.9999999999966948,0,,3835988,0.005844583542528148,0.01667871728361731,A,26,23,0.016678717283560355,0.6554229388114936,0.6495783552689848,,OK,FULL,V0
RQ3,229.26094517328386,0.3272030086751767,0.9999999999998525,0,,3835988,0.327203008675225,0.4000037530343109,B,23,8,0.40000375303425184,0.5092031619408419,0.1820001532656652,,OK,FULL,V0
RQ4,301.2599021399668,0.009230258752943143,1.000000000005172,0,,3835988,0.009230258752895404,0.018806679336804823,B,27,23,0.018806679336900244,0.5184334206937851,0.5092031619408419,,OK,FULL,V0
RQ5,1172.8096165798327,0.21116682909014672,1.0000000000003344,0,,3835988,0.2111668290900761,0.43849975925302154,B,45,27,0.43849975925316764,0.7296002497839318,0.5184334206937851,,OK,FULL,V0
SENS_M2A,286.4925541099341,0.008185861705525488,1.0000000000068492,0,,3835988,0.008185861705469422,0.01667871728318581,B,26,23,0.016678717283298405,0.5173890236463674,0.5092031619408419,,OK,FULL,V0
RQ3,228.92971320162633,0.6211786309431373,1.0003624420145352,1,,3785441,0.6209535712798299,0.6392520223337895,A,22,7,0.6390787177644474,0.649187835949879,0.028009205006741755,,OK,KNOWN_DIR,V0
RQ4,300.65152071550057,0.006613606046281584,1.0035413647573115,1,,3785441,0.0065902675051974224,0.018806679336993738,A,26,22,0.018852271169641343,0.6558014419961606,0.649187835949879,,OK,KNOWN_DIR,V0
RQ5,1168.5801693484336,0.15099011355726977,1.001460087915548,1,,3785441,0.15076997613708454,0.4384997592528629,A,44,26,0.43867154596151897,0.8067915555534304,0.6558014419961606,,OK,KNOWN_DIR,V0
SENS_M2A,285.96111994379953,0.005877953841734507,1.0057096111234514,1,,3785441,0.005844583542528148,0.01667871728361731,A,25,22,0.016755273744996815,0.6550657897916136,0.649187835949879,,OK,KNOWN_DIR,V0
RQ3,228.92971320162633,0.32635130253328426,0.9973970100538222,1,,3785441,0.327203008675225,0.4000037530343109,B,22,7,0.3996538360509221,0.5097663655337004,0.1834150630004161,,OK,KNOWN_DIR,V0
RQ4,300.65152071550057,0.009242017413540804,1.001273925353578,1,,3785441,0.009230258752895404,0.018806679336804823,B,26,22,0.01885227116985204,0.5190083829472412,0.5097663655337004,,OK,KNOWN_DIR,V0
RQ5,1168.5801693484336,0.21099733624726358,0.9991973510065815,1,,3785441,0.2111668290900761,0.43849975925302154,B,44,26,0.4386715459619326,0.7300057191945047,0.5190083829472412,,OK,KNOWN_DIR,V0
SENS_M2A,285.96111994379953,0.008213998744687867,1.0034372727308165,1,,3785441,0.008185861705469422,0.01667871728318581,B,25,22,0.01675527374540542,0.5179803642783882,0.5097663655337004,,OK,KNOWN_DIR,V0
RQ3,269.69637478319873,0.6549929923845128,1.0548179810521505,0,,3728608,0.6209535712798299,0.6392520223337895,A,23,8,0.6712807225389823,0.6792566567615629,0.024263664377050076,,OK,NO_ANOMALY,V0
RQ4,359.1640187344596,0.005288880228334958,0.8025289146705921,0,,3728608,0.0065902675051974224,0.018806679336993738,A,27,23,0.016489446592826907,0.6845455369898978,0.6792566567615629,,OK,NO_ANOMALY,V0
RQ5,1784.2262244339952,0.12252054807321255,0.8126322707765984,0,,3728608,0.15076997613708454,0.4384997592528629,A,45,27,0.38839376975081485,0.8070660850631104,0.6845455369898978,,OK,NO_ANOMALY,V0
SENS_M2A,340.3613540558423,0.005045131593930385,0.8632148992686056,0,,3728608,0.005844583542528148,0.01667871728361731,A,26,23,0.015729497432406224,0.6843017883554933,0.6792566567615629,,OK,NO_ANOMALY,V0
RQ3,269.69637478319873,0.35582372811370866,1.0874708321123416,0,,3728608,0.327203008675225,0.4000037530343109,B,23,8,0.4421260063501982,0.5510221036829834,0.19519837556927477,,OK,NO_ANOMALY,V0
RQ4,359.1640187344596,0.007403397042481941,0.8020790359923115,0,,3728608,0.009230258752895404,0.018806679336804823,B,27,23,0.01648944659238751,0.5584255007254654,0.5510221036829834,,OK,NO_ANOMALY,V0
RQ5,1784.2262244339952,0.17150478439917238,0.8121767284103824,0,,3728608,0.2111668290900761,0.43849975925302154,B,45,27,0.3883937697510581,0.7299302851246378,0.5584255007254654,,OK,NO_ANOMALY,V0
SENS_M2A,340.3613540558423,0.007062196667337872,0.8627310015046104,0,,3728608,0.008185861705469422,0.01667871728318581,B,26,23,0.015729497432433424,0.5580843003503213,0.5510221036829834,,OK,NO_ANOMALY,V0
RQ3,297.41846688069023,0.635366693618736,1.0232112721555005,0,,2387120,0.6209535712798299,0.6392520223337895,A,23,8,0.68181850121646,0.7034959795135122,0.06812928589477618,,OK,CENTRAL_LENGTH,V0
RQ4,398.3717456996262,0.0057653781805724336,0.8748321939929693,0,,2387120,0.0065902675051974224,0.018806679336993738,A,27,23,0.01944451940689678,0.7092613576940846,0.7034959795135122,,OK,CENTRAL_LENGTH,V0
RQ5,2325.9755429229776,0.1070778003483891,0.7102063891754601,0,,2387120,0.15076997613708454,0.4384997592528629,A,45,27,0.3682957294535405,0.8163391580424737,0.7092613576940846,,OK,CENTRAL_LENGTH,V0
SENS_M2A,373.06454514053564,0.005369433464204598,0.9187024918257876,0,,2387120,0.005844583542528148,0.01667871728361731,A,26,23,0.01810914218092126,0.7088654129777168,0.7034959795135122,,OK,CENTRAL_LENGTH,V0
RQ3,297.41846688069023,0.3959015828948793,1.2099570370633208,0,,2387120,0.327203008675225,0.4000037530343109,B,23,8,0.4539665097919163,0.5238073328667265,0.12790574997184723,,OK,CENTRAL_LENGTH,V0
RQ4,398.3717456996262,0.009259337557118608,1.0031503780123263,0,,2387120,0.009230258752895404,0.018806679336804823,B,27,23,0.019444519406106624,0.5330666704238451,0.5238073328667265,,OK,CENTRAL_LENGTH,V0
RQ5,2325.9755429229776,0.171969551222936,0.8143776745806038,0,,2387120,0.2111668290900761,0.43849975925302154,B,45,27,0.3682957294546447,0.7050362216467811,0.5330666704238451,,OK,CENTRAL_LENGTH,V0
SENS_M2A,373.06454514053564,0.008623440714212727,1.053455460706224,0,,2387120,0.008185861705469422,0.01667871728318581,B,26,23,0.018109142180048016,0.5324307735809393,0.5238073328667265,,OK,CENTRAL_LENGTH,V0
RQ3,206.71350284933928,0.6047057576899072,0.9738340926899981,2,,2485963,0.6209535712798299,0.6392520223337895,A,21,6,0.6210222895794235,0.630979423165854,0.026273665475946784,,OK,SOURCE_025,V0
RQ4,269.4440302681141,0.00776749355504347,1.178630996225514,2,,2485963,0.0065902675051974224,0.018806679336993738,A,25,21,0.021048944266689282,0.6387469167208975,0.630979423165854,,OK,SOURCE_025,V0
RQ5,921.4994824149675,0.17942656878098884,1.1900682972705976,2,,2485963,0.15076997613708454,0.4384997592528629,A,43,25,0.4966783041748177,0.8181734855018863,0.6387469167208975,,OK,SOURCE_025,V0
SENS_M2A,255.99700997163876,0.006916513992335616,1.183405787941529,2,,2485963,0.005844583542528148,0.01667871728361731,A,24,21,0.018742895183983737,0.6378959371581896,0.630979423165854,,OK,SOURCE_025,V0
RQ3,206.71350284933928,0.38750564265940557,1.18429730896526,2,,2485963,0.327203008675225,0.4000037530343109,B,21,6,0.3990221521022766,0.41636747246558425,0.028861829806178685,,OK,SOURCE_025,V0
RQ4,269.4440302681141,0.012284848544291016,1.3309321952038917,2,,2485963,0.009230258752895404,0.018806679336804823,B,25,21,0.021048944266675747,0.42865232100987527,0.41636747246558425,,OK,SOURCE_025,V0
RQ5,921.4994824149675,0.28377599629490924,1.343847409736217,2,,2485963,0.2111668290900761,0.43849975925302154,B,43,25,0.4966783041746006,0.7124283173047845,0.42865232100987527,,OK,SOURCE_025,V0
SENS_M2A,255.99700997163876,0.010938963289504278,1.3363239794529338,2,,2485963,0.008185861705469422,0.01667871728318581,B,24,21,0.018742895183920718,0.42730643575508853,0.41636747246558425,,OK,SOURCE_025,V0
RQ3,,,,3,20,1350025,,,A,,,,,,19,NOT_IDENTIFIABLE_EXACT_IDENTITY,SOURCE_026,V0
RQ4,,,,3,24,1350025,,,A,,,,,,23,NOT_IDENTIFIABLE_EXACT_IDENTITY,SOURCE_026,V0
RQ5,,,,3,42,1350025,,,A,,,,,,41,NOT_IDENTIFIABLE_EXACT_IDENTITY,SOURCE_026,V0
SENS_M2A,,,,3,23,1350025,,,A,,,,,,22,NOT_IDENTIFIABLE_EXACT_IDENTITY,SOURCE_026,V0
RQ3,,,,3,20,1350025,,,B,,,,,,19,NOT_IDENTIFIABLE_EXACT_IDENTITY,SOURCE_026,V0
RQ4,,,,3,24,1350025,,,B,,,,,,23,NOT_IDENTIFIABLE_EXACT_IDENTITY,SOURCE_026,V0
RQ5,,,,3,42,1350025,,,B,,,,,,41,NOT_IDENTIFIABLE_EXACT_IDENTITY,SOURCE_026,V0
SENS_M2A,,,,3,23,1350025,,,B,,,,,,22,NOT_IDENTIFIABLE_EXACT_IDENTITY,SOURCE_026,V0
RQ3,210.40841476072154,0.6209968152048682,1.0000696411568246,0,,3835988,0.6209535712798299,0.6392520223337895,A,23,8,0.6392965405841246,0.6496215991940572,0.028624783989188995,,OK,FULL,V1_SM01
RQ4,280.17622664729515,0.006573348872567664,0.9974327851462151,0,,3835988,0.0065902675051974224,0.018806679336993738,A,27,23,0.01876071372392705,0.6561949480666248,0.6496215991940572,,OK,FULL,V1_SM01
RQ5,1137.3187925874706,0.1507481228340829,0.9998550553395208,0,,3835988,0.15076997613708454,0.4384997592528629,A,45,27,0.4384697722920484,0.8069430709007077,0.6561949480666248,,OK,FULL,V1_SM01
SENS_M2A,265.5492289674431,0.005827621324779986,0.9970977884694886,0,,3835988,0.005844583542528148,0.01667871728361731,A,26,23,0.016632364641699517,0.6554492205188371,0.6496215991940572,,OK,FULL,V1_SM01
RQ3,210.40841476072154,0.3272635756577579,1.0001851052127488,0,,3835988,0.327203008675225,0.4000037530343109,B,23,8,0.4000777958141166,0.5092637289234231,0.1820001532656652,,OK,FULL,V1_SM01
RQ4,280.17622664729515,0.009206562695620035,0.9974327851569778,0,,3835988,0.009230258752895404,0.018806679336804823,B,27,23,0.01876071372393706,0.5184702916190431,0.5092637289234231,,OK,FULL,V1_SM01
RQ5,1137.3187925874706,0.21113622158576684,0.9998550553396991,0,,3835988,0.2111668290900761,0.43849975925302154,B,45,27,0.4384697722922814,0.72960651320481,0.5184702916190431,,OK,FULL,V1_SM01
SENS_M2A,265.5492289674431,0.008162104603367415,0.9970977884849761,0,,3835988,0.008185861705469422,0.01667871728318581,B,26,23,0.016632364641524042,0.5174258335267905,0.5092637289234231,,OK,FULL,V1_SM01
RQ3,210.17715834477315,0.6212213784257288,1.0004312836873568,1,,3785441,0.6209535712798299,0.6392520223337895,A,22,7,0.6391226970724939,0.6492305834324705,0.028009205006741755,,OK,KNOWN_DIR,V1_SM01
RQ4,279.6739824873388,0.006596625784819454,1.0009647984117516,1,,3785441,0.0065902675051974224,0.018806679336993738,A,26,22,0.01880616003918199,0.65582720921729,0.6492305834324705,,OK,KNOWN_DIR,V1_SM01
RQ5,1133.3169025616694,0.15096895684376732,1.0013197634687019,1,,3785441,0.15076997613708454,0.4384997592528629,A,44,26,0.43864291683382967,0.8067961660610573,0.65582720921729,,OK,KNOWN_DIR,V1_SM01
SENS_M2A,265.1228128726842,0.005860911505681687,1.0027936914640245,1,,3785441,0.005844583542528148,0.01667871728361731,A,25,22,0.016708730091220356,0.6550914949381522,0.6492305834324705,,OK,KNOWN_DIR,V1_SM01
RQ3,210.17715834477315,0.3264110389274837,0.9975795768170108,1,,3785441,0.327203008675225,0.4000037530343109,B,22,7,0.3997269899771002,0.5098261019278998,0.1834150630004161,,OK,KNOWN_DIR,V1_SM01
RQ4,279.6739824873388,0.009218288774323957,0.9987031806050192,1,,3785441,0.009230258752895404,0.018806679336804823,B,26,22,0.018806160039488738,0.5190443907022237,0.5098261019278998,,OK,KNOWN_DIR,V1_SM01
RQ5,1133.3169025616694,0.2109677713301925,0.9990573436143293,1,,3785441,0.2111668290900761,0.43849975925302154,B,44,26,0.43864291683429574,0.7300121620324163,0.5190443907022237,,OK,KNOWN_DIR,V1_SM01
SENS_M2A,265.1228128726842,0.008190183360864856,1.000527941413003,1,,3785441,0.008185861705469422,0.01667871728318581,B,25,22,0.016708730091662596,0.5180162852887646,0.5098261019278998,,OK,KNOWN_DIR,V1_SM01
RQ3,245.461694362285,0.6549578362282543,1.0547613646513687,0,,3728608,0.6209535712798299,0.6392520223337895,A,23,8,0.6712446921535442,0.6792215006053044,0.024263664377050076,,OK,NO_ANOMALY,V1_SM01
RQ4,333.112676319471,0.00530196700896457,0.804514688483156,0,,3728608,0.0065902675051974224,0.018806679336993738,A,27,23,0.016528436347726876,0.684523467614269,0.6792215006053044,,OK,NO_ANOMALY,V1_SM01
RQ5,1726.729546004324,0.12254623464390446,0.8128026400460645,0,,3728608,0.15076997613708454,0.4384997592528629,A,45,27,0.3884480208945241,0.8070697022581734,0.684523467614269,,OK,NO_ANOMALY,V1_SM01
SENS_M2A,314.48198919858186,0.005057350631424429,0.8653055593481701,0,,3728608,0.005844583542528148,0.01667871728361731,A,26,23,0.0157658653587057,0.6842788512367288,0.6792215006053044,,OK,NO_ANOMALY,V1_SM01
RQ3,245.461694362285,0.3557745163765096,1.0873204308755122,0,,3728608,0.327203008675225,0.4000037530343109,B,23,8,0.4420648586888303,0.5509728919457844,0.19519837556927477,,OK,NO_ANOMALY,V1_SM01
RQ4,333.112676319471,0.007421715973676912,0.804063696627012,0,,3728608,0.009230258752895404,0.018806679336804823,B,27,23,0.016528436347279088,0.5583946079194613,0.5509728919457844,,OK,NO_ANOMALY,V1_SM01
RQ5,1726.729546004324,0.17154074056998891,0.8123470021743607,0,,3728608,0.2111668290900761,0.43849975925302154,B,45,27,0.3884480208944183,0.7299353484894502,0.5583946079194613,,OK,NO_ANOMALY,V1_SM01
SENS_M2A,314.48198919858186,0.007079300927843257,0.864820489590386,0,,3728608,0.008185861705469422,0.01667871728318581,B,26,23,0.01576586535837498,0.5580521928736276,0.5509728919457844,,OK,NO_ANOMALY,V1_SM01
RQ3,269.6785672987737,0.6353482440919178,1.023181560551169,0,,2387120,0.6209535712798299,0.6392520223337895,A,23,8,0.6817987028404203,0.703477529986694,0.06812928589477618,,OK,CENTRAL_LENGTH,V1_SM01
RQ4,369.6253488215548,0.0057749569792867605,0.8762856704575852,0,,2387120,0.0065902675051974224,0.018806679336993738,A,27,23,0.019475613362547592,0.7092524869659808,0.703477529986694,,OK,CENTRAL_LENGTH,V1_SM01
RQ5,2252.1675319475958,0.10708782011492668,0.710272846482109,0,,2387120,0.15076997613708454,0.4384997592528629,A,45,27,0.36831895481216637,0.8163403070809074,0.7092524869659808,,OK,CENTRAL_LENGTH,V1_SM01
SENS_M2A,344.47956315309295,0.005378525151519042,0.9202580667009328,0,,2387120,0.005844583542528148,0.01667871728361731,A,26,23,0.018138676476280834,0.708856055138213,0.703477529986694,,OK,CENTRAL_LENGTH,V1_SM01
RQ3,269.6785672987737,0.395871952506029,1.2098664804728718,0,,2387120,0.327203008675225,0.4000037530343109,B,23,8,0.45393253366049546,0.5237777024778763,0.12790574997184723,,OK,CENTRAL_LENGTH,V1_SM01
RQ4,369.6253488215548,0.00927472134139573,1.004817046812082,0,,2387120,0.009230258752895404,0.018806679336804823,B,27,23,0.019475613363032118,0.533052423819272,0.5237777024778763,,OK,CENTRAL_LENGTH,V1_SM01
RQ5,2252.1675319475958,0.17198564321095122,0.8144538796743895,0,,2387120,0.2111668290900761,0.43849975925302154,B,45,27,0.3683189548121472,0.7050380670302232,0.533052423819272,,OK,CENTRAL_LENGTH,V1_SM01
SENS_M2A,344.47956315309295,0.008638042185773243,1.0552392034673264,0,,2387120,0.008185861705469422,0.01667871728318581,B,26,23,0.018138676476760197,0.5324157446636495,0.5237777024778763,,OK,CENTRAL_LENGTH,V1_SM01
RQ3,188.33301401016632,0.6048896810141614,0.9741302876597365,2,,2485963,0.6209535712798299,0.6392520223337895,A,21,6,0.6212111756326534,0.6311633464901082,0.026273665475946784,,OK,SOURCE_025,V1_SM01
RQ4,248.11412607543164,0.007707557263089138,1.1695363286862883,2,,2485963,0.0065902675051974224,0.018806679336993738,A,25,21,0.020896939579467335,0.6388709037531973,0.6311633464901082,,OK,SOURCE_025,V1_SM01
RQ5,892.5460174041565,0.1792814663869139,1.1891058881902712,2,,2485963,0.15076997613708454,0.4384997592528629,A,43,25,0.49644702753164327,0.8181523701401112,0.6388709037531973,,OK,SOURCE_025,V1_SM01
SENS_M2A,235.0233391594521,0.006864551981829448,1.1745151612393754,2,,2485963,0.005844583542528148,0.01667871728361731,A,24,21,0.018611360656555106,0.6380278984719376,0.6311633464901082,,OK,SOURCE_025,V1_SM01
RQ3,188.33301401016632,0.3877965305972171,1.1851863226054133,2,,2485963,0.327203008675225,0.4000037530343109,B,21,6,0.3993216851108015,0.41665836040339577,0.028861829806178685,,OK,SOURCE_025,V1_SM01
RQ4,248.11412607543164,0.012190054996884192,1.320662326292894,2,,2485963,0.009230258752895404,0.018806679336804823,B,25,21,0.020896939579547122,0.42884841540027996,0.41665836040339577,,OK,SOURCE_025,V1_SM01
RQ5,892.5460174041565,0.2835465064444095,1.3427606393779716,2,,2485963,0.2111668290900761,0.43849975925302154,B,43,25,0.4964470275314517,0.7123949218446894,0.42884841540027996,,OK,SOURCE_025,V1_SM01
SENS_M2A,235.0233391594521,0.01085678164049686,1.326284517272366,2,,2485963,0.008185861705469422,0.01667871728318581,B,24,21,0.018611360656517858,0.4275151420438926,0.41665836040339577,,OK,SOURCE_025,V1_SM01
RQ3,,,,3,20,1350025,,,A,,,,,,19,NOT_IDENTIFIABLE_EXACT_IDENTITY,SOURCE_026,V1_SM01
RQ4,,,,3,24,1350025,,,A,,,,,,23,NOT_IDENTIFIABLE_EXACT_IDENTITY,SOURCE_026,V1_SM01
RQ5,,,,3,42,1350025,,,A,,,,,,41,NOT_IDENTIFIABLE_EXACT_IDENTITY,SOURCE_026,V1_SM01
SENS_M2A,,,,3,23,1350025,,,A,,,,,,22,NOT_IDENTIFIABLE_EXACT_IDENTITY,SOURCE_026,V1_SM01
RQ3,,,,3,20,1350025,,,B,,,,,,19,NOT_IDENTIFIABLE_EXACT_IDENTITY,SOURCE_026,V1_SM01
RQ4,,,,3,24,1350025,,,B,,,,,,23,NOT_IDENTIFIABLE_EXACT_IDENTITY,SOURCE_026,V1_SM01
RQ5,,,,3,42,1350025,,,B,,,,,,41,NOT_IDENTIFIABLE_EXACT_IDENTITY,SOURCE_026,V1_SM01
SENS_M2A,,,,3,23,1350025,,,B,,,,,,22,NOT_IDENTIFIABLE_EXACT_IDENTITY,SOURCE_026,V1_SM01
RQ3,229.26094517328386,0.6209535712797958,0.9999999999999452,0,,3835988,0.6209535712798299,0.6392520223337895,A,23,8,0.6392520223337517,0.6495783552689848,0.028624783989188995,,OK,FULL,V2_M3DENS
RQ4,301.2599021399668,0.006590267505281688,1.0000000000127864,0,,3835988,0.0065902675051974224,0.018806679336993738,A,27,23,0.018806679337232148,0.6561686227742665,0.6495783552689848,,OK,FULL,V2_M3DENS
RQ5,653.3554761483509,0.15076997613693077,0.9999999999989801,0,,3835988,0.15076997613708454,0.4384997592528629,A,45,27,0.43849975925247414,0.8069385989111972,0.6561686227742665,,OK,FULL,V2_M3DENS
SENS_M2A,286.4925541099341,0.00584458354250883,0.9999999999966948,0,,3835988,0.005844583542528148,0.01667871728361731,A,26,23,0.016678717283560355,0.6554229388114936,0.6495783552689848,,OK,FULL,V2_M3DENS
RQ3,229.26094517328386,0.3272030086751767,0.9999999999998525,0,,3835988,0.327203008675225,0.4000037530343109,B,23,8,0.40000375303425184,0.5092031619408419,0.1820001532656652,,OK,FULL,V2_M3DENS
RQ4,301.2599021399668,0.009230258752943143,1.000000000005172,0,,3835988,0.009230258752895404,0.018806679336804823,B,27,23,0.018806679336900244,0.5184334206937851,0.5092031619408419,,OK,FULL,V2_M3DENS
RQ5,653.3554761483509,0.2111668290898815,0.9999999999990784,0,,3835988,0.2111668290900761,0.43849975925302154,B,45,27,0.4384997592526169,0.7296002497836666,0.5184334206937851,,OK,FULL,V2_M3DENS
SENS_M2A,286.4925541099341,0.008185861705525488,1.0000000000068492,0,,3835988,0.008185861705469422,0.01667871728318581,B,26,23,0.016678717283298405,0.5173890236463674,0.5092031619408419,,OK,FULL,V2_M3DENS
RQ3,228.92971320162633,0.6211786309431373,1.0003624420145352,1,,3785441,0.6209535712798299,0.6392520223337895,A,22,7,0.6390787177644474,0.649187835949879,0.028009205006741755,,OK,KNOWN_DIR,V2_M3DENS
RQ4,300.65152071550057,0.006613606046281584,1.0035413647573115,1,,3785441,0.0065902675051974224,0.018806679336993738,A,26,22,0.018852271169641343,0.6558014419961606,0.649187835949879,,OK,KNOWN_DIR,V2_M3DENS
RQ5,650.2341609193159,0.1509901135572992,1.0014600879157431,1,,3785441,0.15076997613708454,0.4384997592528629,A,44,26,0.43867154596160446,0.8067915555534598,0.6558014419961606,,OK,KNOWN_DIR,V2_M3DENS
SENS_M2A,285.96111994379953,0.005877953841734507,1.0057096111234514,1,,3785441,0.005844583542528148,0.01667871728361731,A,25,22,0.016755273744996815,0.6550657897916136,0.649187835949879,,OK,KNOWN_DIR,V2_M3DENS
RQ3,228.92971320162633,0.32635130253328426,0.9973970100538222,1,,3785441,0.327203008675225,0.4000037530343109,B,22,7,0.3996538360509221,0.5097663655337004,0.1834150630004161,,OK,KNOWN_DIR,V2_M3DENS
RQ4,300.65152071550057,0.009242017413540804,1.001273925353578,1,,3785441,0.009230258752895404,0.018806679336804823,B,26,22,0.01885227116985204,0.5190083829472412,0.5097663655337004,,OK,KNOWN_DIR,V2_M3DENS
RQ5,650.2341609193159,0.2109973362471924,0.9991973510062444,1,,3785441,0.2111668290900761,0.43849975925302154,B,44,26,0.43867154596178465,0.7300057191944336,0.5190083829472412,,OK,KNOWN_DIR,V2_M3DENS
SENS_M2A,285.96111994379953,0.008213998744687867,1.0034372727308165,1,,3785441,0.008185861705469422,0.01667871728318581,B,25,22,0.01675527374540542,0.5179803642783882,0.5097663655337004,,OK,KNOWN_DIR,V2_M3DENS
RQ3,269.69637478319873,0.6549929923845128,1.0548179810521505,0,,3728608,0.6209535712798299,0.6392520223337895,A,23,8,0.6712807225389823,0.6792566567615629,0.024263664377050076,,OK,NO_ANOMALY,V2_M3DENS
RQ4,359.1640187344596,0.005288880228334958,0.8025289146705921,0,,3728608,0.0065902675051974224,0.018806679336993738,A,27,23,0.016489446592826907,0.6845455369898978,0.6792566567615629,,OK,NO_ANOMALY,V2_M3DENS
RQ5,1075.4641363550306,0.12252054807324153,0.8126322707767906,0,,3728608,0.15076997613708454,0.4384997592528629,A,45,27,0.38839376975090667,0.8070660850631394,0.6845455369898978,,OK,NO_ANOMALY,V2_M3DENS
SENS_M2A,340.3613540558423,0.005045131593930385,0.8632148992686056,0,,3728608,0.005844583542528148,0.01667871728361731,A,26,23,0.015729497432406224,0.6843017883554933,0.6792566567615629,,OK,NO_ANOMALY,V2_M3DENS
RQ3,269.69637478319873,0.35582372811370866,1.0874708321123416,0,,3728608,0.327203008675225,0.4000037530343109,B,23,8,0.4421260063501982,0.5510221036829834,0.19519837556927477,,OK,NO_ANOMALY,V2_M3DENS
RQ4,359.1640187344596,0.007403397042481941,0.8020790359923115,0,,3728608,0.009230258752895404,0.018806679336804823,B,27,23,0.01648944659238751,0.5584255007254654,0.5510221036829834,,OK,NO_ANOMALY,V2_M3DENS
RQ5,1075.4641363550306,0.1715047843990316,0.8121767284097158,0,,3728608,0.2111668290900761,0.43849975925302154,B,45,27,0.3883937697507393,0.729930285124497,0.5584255007254654,,OK,NO_ANOMALY,V2_M3DENS
SENS_M2A,340.3613540558423,0.007062196667337872,0.8627310015046104,0,,3728608,0.008185861705469422,0.01667871728318581,B,26,23,0.015729497432433424,0.5580843003503213,0.5510221036829834,,OK,NO_ANOMALY,V2_M3DENS
RQ3,297.41846688069023,0.635366693618736,1.0232112721555005,0,,2387120,0.6209535712798299,0.6392520223337895,A,23,8,0.68181850121646,0.7034959795135122,0.06812928589477618,,OK,CENTRAL_LENGTH,V2_M3DENS
RQ4,398.3717456996262,0.0057653781805724336,0.8748321939929693,0,,2387120,0.0065902675051974224,0.018806679336993738,A,27,23,0.01944451940689678,0.7092613576940846,0.7034959795135122,,OK,CENTRAL_LENGTH,V2_M3DENS
RQ5,1378.4596455216256,0.1070778003484254,0.7102063891757009,0,,2387120,0.15076997613708454,0.4384997592528629,A,45,27,0.36829572945366534,0.81633915804251,0.7092613576940846,,OK,CENTRAL_LENGTH,V2_M3DENS
SENS_M2A,373.06454514053564,0.005369433464204598,0.9187024918257876,0,,2387120,0.005844583542528148,0.01667871728361731,A,26,23,0.01810914218092126,0.7088654129777168,0.7034959795135122,,OK,CENTRAL_LENGTH,V2_M3DENS
RQ3,297.41846688069023,0.3959015828948793,1.2099570370633208,0,,2387120,0.327203008675225,0.4000037530343109,B,23,8,0.4539665097919163,0.5238073328667265,0.12790574997184723,,OK,CENTRAL_LENGTH,V2_M3DENS
RQ4,398.3717456996262,0.009259337557118608,1.0031503780123263,0,,2387120,0.009230258752895404,0.018806679336804823,B,27,23,0.019444519406106624,0.5330666704238451,0.5238073328667265,,OK,CENTRAL_LENGTH,V2_M3DENS
RQ5,1378.4596455216256,0.17196955122274038,0.8143776745796775,0,,2387120,0.2111668290900761,0.43849975925302154,B,45,27,0.3682957294542258,0.7050362216465855,0.5330666704238451,,OK,CENTRAL_LENGTH,V2_M3DENS
SENS_M2A,373.06454514053564,0.008623440714212727,1.053455460706224,0,,2387120,0.008185861705469422,0.01667871728318581,B,26,23,0.018109142180048016,0.5324307735809393,0.5238073328667265,,OK,CENTRAL_LENGTH,V2_M3DENS
RQ3,206.71350284933928,0.6047057576899072,0.9738340926899981,2,,2485963,0.6209535712798299,0.6392520223337895,A,21,6,0.6210222895794235,0.630979423165854,0.026273665475946784,,OK,SOURCE_025,V2_M3DENS
RQ4,269.4440302681141,0.00776749355504347,1.178630996225514,2,,2485963,0.0065902675051974224,0.018806679336993738,A,25,21,0.021048944266689282,0.6387469167208975,0.630979423165854,,OK,SOURCE_025,V2_M3DENS
RQ5,574.6320076503431,0.17942656878097352,1.1900682972704961,2,,2485963,0.15076997613708454,0.4384997592528629,A,43,25,0.49667830417477526,0.818173485501871,0.6387469167208975,,OK,SOURCE_025,V2_M3DENS
SENS_M2A,255.99700997163876,0.006916513992335616,1.183405787941529,2,,2485963,0.005844583542528148,0.01667871728361731,A,24,21,0.018742895183983737,0.6378959371581896,0.630979423165854,,OK,SOURCE_025,V2_M3DENS
RQ3,206.71350284933928,0.38750564265940557,1.18429730896526,2,,2485963,0.327203008675225,0.4000037530343109,B,21,6,0.3990221521022766,0.41636747246558425,0.028861829806178685,,OK,SOURCE_025,V2_M3DENS
RQ4,269.4440302681141,0.012284848544291016,1.3309321952038917,2,,2485963,0.009230258752895404,0.018806679336804823,B,25,21,0.021048944266675747,0.42865232100987527,0.41636747246558425,,OK,SOURCE_025,V2_M3DENS
RQ5,574.6320076503431,0.2837759962949874,1.3438474097365871,2,,2485963,0.2111668290900761,0.43849975925302154,B,43,25,0.4966783041747374,0.7124283173048627,0.42865232100987527,,OK,SOURCE_025,V2_M3DENS
SENS_M2A,255.99700997163876,0.010938963289504278,1.3363239794529338,2,,2485963,0.008185861705469422,0.01667871728318581,B,24,21,0.018742895183920718,0.42730643575508853,0.41636747246558425,,OK,SOURCE_025,V2_M3DENS
RQ3,,,,3,20,1350025,,,A,,,,,,19,NOT_IDENTIFIABLE_EXACT_IDENTITY,SOURCE_026,V2_M3DENS
RQ4,,,,3,24,1350025,,,A,,,,,,23,NOT_IDENTIFIABLE_EXACT_IDENTITY,SOURCE_026,V2_M3DENS
RQ5,,,,3,42,1350025,,,A,,,,,,41,NOT_IDENTIFIABLE_EXACT_IDENTITY,SOURCE_026,V2_M3DENS
SENS_M2A,,,,3,23,1350025,,,A,,,,,,22,NOT_IDENTIFIABLE_EXACT_IDENTITY,SOURCE_026,V2_M3DENS
RQ3,,,,3,20,1350025,,,B,,,,,,19,NOT_IDENTIFIABLE_EXACT_IDENTITY,SOURCE_026,V2_M3DENS
RQ4,,,,3,24,1350025,,,B,,,,,,23,NOT_IDENTIFIABLE_EXACT_IDENTITY,SOURCE_026,V2_M3DENS
RQ5,,,,3,42,1350025,,,B,,,,,,41,NOT_IDENTIFIABLE_EXACT_IDENTITY,SOURCE_026,V2_M3DENS
SENS_M2A,,,,3,23,1350025,,,B,,,,,,22,NOT_IDENTIFIABLE_EXACT_IDENTITY,SOURCE_026,V2_M3DENS
RQ3,229.26094517328386,0.6209535712797958,0.9999999999999452,0,,3835988,0.6209535712798299,0.6392520223337895,A,23,8,0.6392520223337517,0.6495783552689848,0.028624783989188995,,OK,FULL,V3_M3DENS_LOGMCB
RQ4,301.2599021399668,0.006590267505281688,1.0000000000127864,0,,3835988,0.0065902675051974224,0.018806679336993738,A,27,23,0.018806679337232148,0.6561686227742665,0.6495783552689848,,OK,FULL,V3_M3DENS_LOGMCB
RQ5,,,,0,45,3835988,,,A,,,,,,44,NOT_IDENTIFIABLE_EXACT_IDENTITY,FULL,V3_M3DENS_LOGMCB
SENS_M2A,286.4925541099341,0.00584458354250883,0.9999999999966948,0,,3835988,0.005844583542528148,0.01667871728361731,A,26,23,0.016678717283560355,0.6554229388114936,0.6495783552689848,,OK,FULL,V3_M3DENS_LOGMCB
RQ3,229.26094517328386,0.3272030086751767,0.9999999999998525,0,,3835988,0.327203008675225,0.4000037530343109,B,23,8,0.40000375303425184,0.5092031619408419,0.1820001532656652,,OK,FULL,V3_M3DENS_LOGMCB
RQ4,301.2599021399668,0.009230258752943143,1.000000000005172,0,,3835988,0.009230258752895404,0.018806679336804823,B,27,23,0.018806679336900244,0.5184334206937851,0.5092031619408419,,OK,FULL,V3_M3DENS_LOGMCB
RQ5,,,,0,45,3835988,,,B,,,,,,44,NOT_IDENTIFIABLE_EXACT_IDENTITY,FULL,V3_M3DENS_LOGMCB
SENS_M2A,286.4925541099341,0.008185861705525488,1.0000000000068492,0,,3835988,0.008185861705469422,0.01667871728318581,B,26,23,0.016678717283298405,0.5173890236463674,0.5092031619408419,,OK,FULL,V3_M3DENS_LOGMCB
RQ3,228.92971320162633,0.6211786309431373,1.0003624420145352,1,,3785441,0.6209535712798299,0.6392520223337895,A,22,7,0.6390787177644474,0.649187835949879,0.028009205006741755,,OK,KNOWN_DIR,V3_M3DENS_LOGMCB
RQ4,300.65152071550057,0.006613606046281584,1.0035413647573115,1,,3785441,0.0065902675051974224,0.018806679336993738,A,26,22,0.018852271169641343,0.6558014419961606,0.649187835949879,,OK,KNOWN_DIR,V3_M3DENS_LOGMCB
RQ5,,,,1,44,3785441,,,A,,,,,,43,NOT_IDENTIFIABLE_EXACT_IDENTITY,KNOWN_DIR,V3_M3DENS_LOGMCB
SENS_M2A,285.96111994379953,0.005877953841734507,1.0057096111234514,1,,3785441,0.005844583542528148,0.01667871728361731,A,25,22,0.016755273744996815,0.6550657897916136,0.649187835949879,,OK,KNOWN_DIR,V3_M3DENS_LOGMCB
RQ3,228.92971320162633,0.32635130253328426,0.9973970100538222,1,,3785441,0.327203008675225,0.4000037530343109,B,22,7,0.3996538360509221,0.5097663655337004,0.1834150630004161,,OK,KNOWN_DIR,V3_M3DENS_LOGMCB
RQ4,300.65152071550057,0.009242017413540804,1.001273925353578,1,,3785441,0.009230258752895404,0.018806679336804823,B,26,22,0.01885227116985204,0.5190083829472412,0.5097663655337004,,OK,KNOWN_DIR,V3_M3DENS_LOGMCB
RQ5,,,,1,44,3785441,,,B,,,,,,43,NOT_IDENTIFIABLE_EXACT_IDENTITY,KNOWN_DIR,V3_M3DENS_LOGMCB
SENS_M2A,285.96111994379953,0.008213998744687867,1.0034372727308165,1,,3785441,0.008185861705469422,0.01667871728318581,B,25,22,0.01675527374540542,0.5179803642783882,0.5097663655337004,,OK,KNOWN_DIR,V3_M3DENS_LOGMCB
RQ3,269.69637478319873,0.6549929923845128,1.0548179810521505,0,,3728608,0.6209535712798299,0.6392520223337895,A,23,8,0.6712807225389823,0.6792566567615629,0.024263664377050076,,OK,NO_ANOMALY,V3_M3DENS_LOGMCB
RQ4,359.1640187344596,0.005288880228334958,0.8025289146705921,0,,3728608,0.0065902675051974224,0.018806679336993738,A,27,23,0.016489446592826907,0.6845455369898978,0.6792566567615629,,OK,NO_ANOMALY,V3_M3DENS_LOGMCB
RQ5,,,,0,45,3728608,,,A,,,,,,44,NOT_IDENTIFIABLE_EXACT_IDENTITY,NO_ANOMALY,V3_M3DENS_LOGMCB
SENS_M2A,340.3613540558423,0.005045131593930385,0.8632148992686056,0,,3728608,0.005844583542528148,0.01667871728361731,A,26,23,0.015729497432406224,0.6843017883554933,0.6792566567615629,,OK,NO_ANOMALY,V3_M3DENS_LOGMCB
RQ3,269.69637478319873,0.35582372811370866,1.0874708321123416,0,,3728608,0.327203008675225,0.4000037530343109,B,23,8,0.4421260063501982,0.5510221036829834,0.19519837556927477,,OK,NO_ANOMALY,V3_M3DENS_LOGMCB
RQ4,359.1640187344596,0.007403397042481941,0.8020790359923115,0,,3728608,0.009230258752895404,0.018806679336804823,B,27,23,0.01648944659238751,0.5584255007254654,0.5510221036829834,,OK,NO_ANOMALY,V3_M3DENS_LOGMCB
RQ5,,,,0,45,3728608,,,B,,,,,,44,NOT_IDENTIFIABLE_EXACT_IDENTITY,NO_ANOMALY,V3_M3DENS_LOGMCB
SENS_M2A,340.3613540558423,0.007062196667337872,0.8627310015046104,0,,3728608,0.008185861705469422,0.01667871728318581,B,26,23,0.015729497432433424,0.5580843003503213,0.5510221036829834,,OK,NO_ANOMALY,V3_M3DENS_LOGMCB
RQ3,297.41846688069023,0.635366693618736,1.0232112721555005,0,,2387120,0.6209535712798299,0.6392520223337895,A,23,8,0.68181850121646,0.7034959795135122,0.06812928589477618,,OK,CENTRAL_LENGTH,V3_M3DENS_LOGMCB
RQ4,398.3717456996262,0.0057653781805724336,0.8748321939929693,0,,2387120,0.0065902675051974224,0.018806679336993738,A,27,23,0.01944451940689678,0.7092613576940846,0.7034959795135122,,OK,CENTRAL_LENGTH,V3_M3DENS_LOGMCB
RQ5,,,,0,45,2387120,,,A,,,,,,44,NOT_IDENTIFIABLE_EXACT_IDENTITY,CENTRAL_LENGTH,V3_M3DENS_LOGMCB
SENS_M2A,373.06454514053564,0.005369433464204598,0.9187024918257876,0,,2387120,0.005844583542528148,0.01667871728361731,A,26,23,0.01810914218092126,0.7088654129777168,0.7034959795135122,,OK,CENTRAL_LENGTH,V3_M3DENS_LOGMCB
RQ3,297.41846688069023,0.3959015828948793,1.2099570370633208,0,,2387120,0.327203008675225,0.4000037530343109,B,23,8,0.4539665097919163,0.5238073328667265,0.12790574997184723,,OK,CENTRAL_LENGTH,V3_M3DENS_LOGMCB
RQ4,398.3717456996262,0.009259337557118608,1.0031503780123263,0,,2387120,0.009230258752895404,0.018806679336804823,B,27,23,0.019444519406106624,0.5330666704238451,0.5238073328667265,,OK,CENTRAL_LENGTH,V3_M3DENS_LOGMCB
RQ5,,,,0,45,2387120,,,B,,,,,,44,NOT_IDENTIFIABLE_EXACT_IDENTITY,CENTRAL_LENGTH,V3_M3DENS_LOGMCB
SENS_M2A,373.06454514053564,0.008623440714212727,1.053455460706224,0,,2387120,0.008185861705469422,0.01667871728318581,B,26,23,0.018109142180048016,0.5324307735809393,0.5238073328667265,,OK,CENTRAL_LENGTH,V3_M3DENS_LOGMCB
RQ3,206.71350284933928,0.6047057576899072,0.9738340926899981,2,,2485963,0.6209535712798299,0.6392520223337895,A,21,6,0.6210222895794235,0.630979423165854,0.026273665475946784,,OK,SOURCE_025,V3_M3DENS_LOGMCB
RQ4,269.4440302681141,0.00776749355504347,1.178630996225514,2,,2485963,0.0065902675051974224,0.018806679336993738,A,25,21,0.021048944266689282,0.6387469167208975,0.630979423165854,,OK,SOURCE_025,V3_M3DENS_LOGMCB
RQ5,,,,2,43,2485963,,,A,,,,,,42,NOT_IDENTIFIABLE_EXACT_IDENTITY,SOURCE_025,V3_M3DENS_LOGMCB
SENS_M2A,255.99700997163876,0.006916513992335616,1.183405787941529,2,,2485963,0.005844583542528148,0.01667871728361731,A,24,21,0.018742895183983737,0.6378959371581896,0.630979423165854,,OK,SOURCE_025,V3_M3DENS_LOGMCB
RQ3,206.71350284933928,0.38750564265940557,1.18429730896526,2,,2485963,0.327203008675225,0.4000037530343109,B,21,6,0.3990221521022766,0.41636747246558425,0.028861829806178685,,OK,SOURCE_025,V3_M3DENS_LOGMCB
RQ4,269.4440302681141,0.012284848544291016,1.3309321952038917,2,,2485963,0.009230258752895404,0.018806679336804823,B,25,21,0.021048944266675747,0.42865232100987527,0.41636747246558425,,OK,SOURCE_025,V3_M3DENS_LOGMCB
RQ5,,,,2,43,2485963,,,B,,,,,,42,NOT_IDENTIFIABLE_EXACT_IDENTITY,SOURCE_025,V3_M3DENS_LOGMCB
SENS_M2A,255.99700997163876,0.010938963289504278,1.3363239794529338,2,,2485963,0.008185861705469422,0.01667871728318581,B,24,21,0.018742895183920718,0.42730643575508853,0.41636747246558425,,OK,SOURCE_025,V3_M3DENS_LOGMCB
RQ3,,,,3,20,1350025,,,A,,,,,,19,NOT_IDENTIFIABLE_EXACT_IDENTITY,SOURCE_026,V3_M3DENS_LOGMCB
RQ4,,,,3,24,1350025,,,A,,,,,,23,NOT_IDENTIFIABLE_EXACT_IDENTITY,SOURCE_026,V3_M3DENS_LOGMCB
RQ5,,,,3,42,1350025,,,A,,,,,,40,NOT_IDENTIFIABLE_EXACT_IDENTITY,SOURCE_026,V3_M3DENS_LOGMCB
SENS_M2A,,,,3,23,1350025,,,A,,,,,,22,NOT_IDENTIFIABLE_EXACT_IDENTITY,SOURCE_026,V3_M3DENS_LOGMCB
RQ3,,,,3,20,1350025,,,B,,,,,,19,NOT_IDENTIFIABLE_EXACT_IDENTITY,SOURCE_026,V3_M3DENS_LOGMCB
RQ4,,,,3,24,1350025,,,B,,,,,,23,NOT_IDENTIFIABLE_EXACT_IDENTITY,SOURCE_026,V3_M3DENS_LOGMCB
RQ5,,,,3,42,1350025,,,B,,,,,,40,NOT_IDENTIFIABLE_EXACT_IDENTITY,SOURCE_026,V3_M3DENS_LOGMCB
SENS_M2A,,,,3,23,1350025,,,B,,,,,,22,NOT_IDENTIFIABLE_EXACT_IDENTITY,SOURCE_026,V3_M3DENS_LOGMCB
RQ3,58.59578166819089,0.1748407550779587,0.5343494724753648,0,,3835988,0.327203008675225,0.4000037530343109,B,21,8,0.21374179442205013,0.3568409083436239,0.1820001532656652,,OK,FULL,V4_B_SSOT182
RQ4,72.915683999702,0.05342554589362558,5.788087563294662,0,,3835988,0.009230258752895404,0.018806679336804823,B,25,21,0.08306738812637282,0.4102664542372495,0.3568409083436239,,OK,FULL,V4_B_SSOT182
RQ5,1037.330126915759,0.2983681255589655,1.4129497840387255,0,,3835988,0.2111668290900761,0.43849975925302154,B,43,25,0.5059371773960419,0.708634579796215,0.4102664542372495,,OK,FULL,V4_B_SSOT182
SENS_M2A,70.618653098225,0.047814102362215616,5.841059143506957,0,,3835988,0.008185861705469422,0.01667871728318581,B,24,21,0.07434257399530239,0.40465501070583954,0.3568409083436239,,OK,FULL,V4_B_SSOT182
RQ3,58.42396084673703,0.1747629927082539,0.5341118146065706,1,,3785441,0.327203008675225,0.4000037530343109,B,20,7,0.21401691947734636,0.35817805570867,0.1834150630004161,,OK,KNOWN_DIR,V4_B_SSOT182
RQ4,72.70415189903154,0.05300388890313468,5.742405529694181,1,,3785441,0.009230258752895404,0.018806679336804823,B,24,20,0.0825834787585194,0.4111819446118047,0.35817805570867,,OK,KNOWN_DIR,V4_B_SSOT182
RQ5,1034.0657621186401,0.29769640087855775,1.4097687698458135,1,,3785441,0.2111668290900761,0.43849975925302154,B,42,24,0.5055830033647538,0.7088783454903624,0.4111819446118047,,OK,KNOWN_DIR,V4_B_SSOT182
SENS_M2A,70.41636454244363,0.047504933853260045,5.803290546860742,1,,3785441,0.008185861705469422,0.01667871728318581,B,23,20,0.07401575199444572,0.40568298956193005,0.35817805570867,,OK,KNOWN_DIR,V4_B_SSOT182
RQ3,68.05709918051427,0.17460658595906975,0.5336338032648736,0,,3728608,0.327203008675225,0.4000037530343109,B,21,8,0.2169560555777672,0.3698049615283445,0.19519837556927477,,OK,NO_ANOMALY,V4_B_SSOT182
RQ4,84.75257976707772,0.06242372577921895,6.762944295536406,0,,3728608,0.009230258752895404,0.018806679336804823,B,25,21,0.09905461320452241,0.4322286873075635,0.3698049615283445,,OK,NO_ANOMALY,V4_B_SSOT182
RQ5,1392.898751601328,0.2838633961205377,1.3442612996734058,0,,3728608,0.2111668290900761,0.43849975925302154,B,43,25,0.49996079367663887,0.7160920834281012,0.4322286873075635,,OK,NO_ANOMALY,V4_B_SSOT182
SENS_M2A,82.03015185889068,0.056070905835606144,6.849725521033675,0,,3728608,0.008185861705469422,0.01667871728318581,B,24,21,0.08897389286273803,0.42587586736395067,0.3698049615283445,,OK,NO_ANOMALY,V4_B_SSOT182
RQ3,93.224828535638,0.1991324439516463,0.608589892733233,0,,2387120,0.327203008675225,0.4000037530343109,B,21,8,0.22833821452809483,0.32703819392349354,0.12790574997184723,,OK,CENTRAL_LENGTH,V4_B_SSOT182
RQ4,114.51272225354442,0.07608667482606635,8.24317896854181,0,,2387120,0.009230258752895404,0.018806679336804823,B,25,21,0.11306239691323038,0.4031248687495599,0.32703819392349354,,OK,CENTRAL_LENGTH,V4_B_SSOT182
RQ5,1763.090944659486,0.2917434924067486,1.3815782226019095,0,,2387120,0.2111668290900761,0.43849975925302154,B,43,25,0.48878480126245577,0.6948683611563085,0.4031248687495599,,OK,CENTRAL_LENGTH,V4_B_SSOT182
SENS_M2A,110.56268741682582,0.0640709913453219,7.827030757496498,0,,2387120,0.008185861705469422,0.01667871728318581,B,24,21,0.09520747056785853,0.39110918526881544,0.32703819392349354,,OK,CENTRAL_LENGTH,V4_B_SSOT182
RQ3,75.98890212940692,0.20891901230397236,0.6384996676828882,2,,2485963,0.327203008675225,0.4000037530343109,B,19,6,0.215128000027304,0.23778084211015105,0.028861829806178685,,OK,SOURCE_025,V4_B_SSOT182
RQ4,89.80128218413094,0.06034254989227883,6.537471105384799,2,,2485963,0.009230258752895404,0.018806679336804823,B,23,19,0.07916692891757406,0.2981233920024299,0.23778084211015105,,OK,SOURCE_025,V4_B_SSOT182
RQ5,815.4098504158964,0.38918427513556175,1.8430180384512467,2,,2485963,0.2111668290900761,0.43849975925302154,B,41,23,0.5544910183655944,0.6873076671379916,0.2981233920024299,,OK,SOURCE_025,V4_B_SSOT182
SENS_M2A,87.11041776372534,0.0545858718226202,6.668311020469402,2,,2485963,0.008185861705469422,0.01667871728318581,B,22,19,0.07161440546015324,0.29236671393277125,0.23778084211015105,,OK,SOURCE_025,V4_B_SSOT182
RQ3,,,,3,18,1350025,,,B,,,,,,17,NOT_IDENTIFIABLE_EXACT_IDENTITY,SOURCE_026,V4_B_SSOT182
RQ4,,,,3,22,1350025,,,B,,,,,,21,NOT_IDENTIFIABLE_EXACT_IDENTITY,SOURCE_026,V4_B_SSOT182
RQ5,,,,3,40,1350025,,,B,,,,,,39,NOT_IDENTIFIABLE_EXACT_IDENTITY,SOURCE_026,V4_B_SSOT182
SENS_M2A,,,,3,21,1350025,,,B,,,,,,20,NOT_IDENTIFIABLE_EXACT_IDENTITY,SOURCE_026,V4_B_SSOT182
RQ3,230.55089824558738,0.6209535712798877,1.0000000000000933,0,,3835988,0.6209535712798299,0.6392520223337895,A,23,8,0.639252022333845,0.6495783552690748,0.028624783989187108,,OK,FULL,V5_SRC_DOM
RQ4,302.51348232445093,0.006590267505191649,0.999999999999124,0,,3835988,0.0065902675051974224,0.018806679336993738,A,27,23,0.018806679336980034,0.6561686227742665,0.6495783552690748,,OK,FULL,V5_SRC_DOM
RQ5,1175.284950001191,0.15076997613704857,0.9999999999997614,0,,3835988,0.15076997613708454,0.4384997592528629,A,45,27,0.4384997592528167,0.806938598911315,0.6561686227742665,,OK,FULL,V5_SRC_DOM
SENS_M2A,287.77874619440956,0.005844583542334858,0.9999999999669283,0,,3835988,0.005844583542528148,0.01667871728361731,A,26,23,0.016678717283068176,0.6554229388114097,0.6495783552690748,,OK,FULL,V5_SRC_DOM
RQ3,230.55089824558738,0.32720300867513274,0.999999999999718,0,,3835988,0.327203008675225,0.4000037530343109,B,23,8,0.4000037530341975,0.5092031619407967,0.182000153265664,,OK,FULL,V5_SRC_DOM
RQ4,302.51348232445093,0.00923025875298078,1.0000000000092495,0,,3835988,0.009230258752895404,0.018806679336804823,B,27,23,0.018806679336975198,0.5184334206937775,0.5092031619407967,,OK,FULL,V5_SRC_DOM
RQ5,1175.284950001191,0.21116682909017515,1.000000000000469,0,,3835988,0.2111668290900761,0.43849975925302154,B,45,27,0.4384997592532198,0.7296002497839527,0.5184334206937775,,OK,FULL,V5_SRC_DOM
SENS_M2A,287.77874619440956,0.008185861705530706,1.0000000000074867,0,,3835988,0.008185861705469422,0.01667871728318581,B,26,23,0.0166787172833075,0.5173890236463274,0.5092031619407967,,OK,FULL,V5_SRC_DOM
RQ3,230.23137858065556,0.6211786309432095,1.0003624420146513,1,,3785441,0.6209535712798299,0.6392520223337895,A,22,7,0.6390787177645209,0.64918783594995,0.028009205006740534,,OK,KNOWN_DIR,V5_SRC_DOM
RQ4,301.91768641514483,0.006613606046162235,1.0035413647392015,1,,3785441,0.0065902675051974224,0.018806679336993738,A,26,22,0.018852271169304945,0.6558014419961122,0.64918783594995,,OK,KNOWN_DIR,V5_SRC_DOM
RQ5,1171.076967055715,0.15099011355748226,1.0014600879169575,1,,3785441,0.15076997613708454,0.4384997592528629,A,44,26,0.43867154596207464,0.8067915555535945,0.6558014419961122,,OK,KNOWN_DIR,V5_SRC_DOM
SENS_M2A,287.2601182566872,0.005877953841781358,1.0057096111314674,1,,3785441,0.005844583542528148,0.01667871728361731,A,25,22,0.016755273745133754,0.6550657897917314,0.64918783594995,,OK,KNOWN_DIR,V5_SRC_DOM
RQ3,230.23137858065556,0.3263513025333121,0.9973970100539074,1,,3785441,0.327203008675225,0.4000037530343109,B,22,7,0.39965383605095595,0.5097663655337277,0.18341506300041555,,OK,KNOWN_DIR,V5_SRC_DOM
RQ4,301.91768641514483,0.009242017413520376,1.001273925351365,1,,3785441,0.009230258752895404,0.018806679336804823,B,26,22,0.01885227116981142,0.519008382947248,0.5097663655337277,,OK,KNOWN_DIR,V5_SRC_DOM
RQ5,1171.076967055715,0.2109973362473192,0.9991973510068448,1,,3785441,0.2111668290900761,0.43849975925302154,B,44,26,0.4386715459620545,0.7300057191945672,0.519008382947248,,OK,KNOWN_DIR,V5_SRC_DOM
SENS_M2A,287.2601182566872,0.008213998744609707,1.0034372727212684,1,,3785441,0.008185861705469422,0.01667871728318581,B,25,22,0.016755273745246917,0.5179803642783374,0.5097663655337277,,OK,KNOWN_DIR,V5_SRC_DOM
RQ3,271.22468255557874,0.6549929923847024,1.054817981052456,0,,3728608,0.6209535712798299,0.6392520223337895,A,23,8,0.6712807225391763,0.6792566567617518,0.02426366437704941,,OK,NO_ANOMALY,V5_SRC_DOM
RQ4,360.64452241443456,0.00528888022799856,0.8025289146195475,0,,3728608,0.0065902675051974224,0.018806679336993738,A,27,23,0.016489446591787815,0.6845455369897504,0.6792566567617518,,OK,NO_ANOMALY,V5_SRC_DOM
RQ5,1787.934848689593,0.12252054807336155,0.8126322707775866,0,,3728608,0.15076997613708454,0.4384997592528629,A,45,27,0.3883937697511056,0.807066085063112,0.6845455369897504,,OK,NO_ANOMALY,V5_SRC_DOM
SENS_M2A,341.88109126959466,0.005045131593937935,0.8632148992698974,0,,3728608,0.005844583542528148,0.01667871728361731,A,26,23,0.01572949743243903,0.6843017883556898,0.6792566567617518,,OK,NO_ANOMALY,V5_SRC_DOM
RQ3,271.22468255557874,0.35582372811362084,1.0874708321120732,0,,3728608,0.327203008675225,0.4000037530343109,B,23,8,0.44212600635008914,0.5510221036828957,0.19519837556927488,,OK,NO_ANOMALY,V5_SRC_DOM
RQ4,360.64452241443456,0.007403397042553328,0.8020790360000455,0,,3728608,0.009230258752895404,0.018806679336804823,B,27,23,0.016489446592543287,0.558425500725449,0.5510221036828957,,OK,NO_ANOMALY,V5_SRC_DOM
RQ5,1787.934848689593,0.17150478439901984,0.81217672840966,0,,3728608,0.2111668290900761,0.43849975925302154,B,45,27,0.38839376975069834,0.7299302851244689,0.558425500725449,,OK,NO_ANOMALY,V5_SRC_DOM
SENS_M2A,341.88109126959466,0.007062196667298348,0.8627310014997821,0,,3728608,0.008185861705469422,0.01667871728318581,B,26,23,0.01572949743234232,0.5580843003501941,0.5510221036828957,,OK,NO_ANOMALY,V5_SRC_DOM
RQ3,299.05896597324323,0.6353666936188609,1.0232112721557016,0,,2387120,0.6209535712798299,0.6392520223337895,A,23,8,0.681818501216595,0.7034959795136384,0.06812928589477751,,OK,CENTRAL_LENGTH,V5_SRC_DOM
RQ4,399.8917601981941,0.005765378180406122,0.8748321939677335,0,,2387120,0.0065902675051974224,0.018806679336993738,A,27,23,0.019444519406344153,0.7092613576940445,0.7034959795136384,,OK,CENTRAL_LENGTH,V5_SRC_DOM
RQ5,2330.246769552465,0.10707780034852021,0.7102063891763297,0,,2387120,0.15076997613708454,0.4384997592528629,A,45,27,0.3682957294539407,0.8163391580425647,0.7092613576940445,,OK,CENTRAL_LENGTH,V5_SRC_DOM
SENS_M2A,374.62505953519553,0.005369433464101014,0.9187024918080645,0,,2387120,0.005844583542528148,0.01667871728361731,A,26,23,0.01810914218057962,0.7088654129777394,0.7034959795136384,,OK,CENTRAL_LENGTH,V5_SRC_DOM
RQ3,299.05896597324323,0.39590158289518174,1.2099570370642452,0,,2387120,0.327203008675225,0.4000037530343109,B,23,8,0.45396650979226305,0.523807332867029,0.12790574997184723,,OK,CENTRAL_LENGTH,V5_SRC_DOM
RQ4,399.8917601981941,0.009259337556816183,1.0031503779795619,0,,2387120,0.009230258752895404,0.018806679336804823,B,27,23,0.019444519405483883,0.5330666704238451,0.523807332867029,,OK,CENTRAL_LENGTH,V5_SRC_DOM
RQ5,2330.246769552465,0.17196955122260893,0.814377674579055,0,,2387120,0.2111668290900761,0.43849975925302154,B,45,27,0.3682957294539443,0.7050362216464541,0.5330666704238451,,OK,CENTRAL_LENGTH,V5_SRC_DOM
SENS_M2A,374.62505953519553,0.008623440714347175,1.0534554607226485,0,,2387120,0.008185861705469422,0.01667871728318581,B,26,23,0.018109142180341854,0.5324307735813761,0.523807332867029,,OK,CENTRAL_LENGTH,V5_SRC_DOM
RQ3,206.71350284933928,0.6047057576899072,0.9738340926899981,2,,2485963,0.6209535712798299,0.6392520223337895,A,21,6,0.6210222895794235,0.630979423165854,0.026273665475946784,,OK,SOURCE_025,V5_SRC_DOM
RQ4,269.4440302681141,0.00776749355504347,1.178630996225514,2,,2485963,0.0065902675051974224,0.018806679336993738,A,25,21,0.021048944266689282,0.6387469167208975,0.630979423165854,,OK,SOURCE_025,V5_SRC_DOM
RQ5,921.4994824149675,0.17942656878098884,1.1900682972705976,2,,2485963,0.15076997613708454,0.4384997592528629,A,43,25,0.4966783041748177,0.8181734855018863,0.6387469167208975,,OK,SOURCE_025,V5_SRC_DOM
SENS_M2A,255.99700997163876,0.006916513992335616,1.183405787941529,2,,2485963,0.005844583542528148,0.01667871728361731,A,24,21,0.018742895183983737,0.6378959371581896,0.630979423165854,,OK,SOURCE_025,V5_SRC_DOM
RQ3,206.71350284933928,0.38750564265940557,1.18429730896526,2,,2485963,0.327203008675225,0.4000037530343109,B,21,6,0.3990221521022766,0.41636747246558425,0.028861829806178685,,OK,SOURCE_025,V5_SRC_DOM
RQ4,269.4440302681141,0.012284848544291016,1.3309321952038917,2,,2485963,0.009230258752895404,0.018806679336804823,B,25,21,0.021048944266675747,0.42865232100987527,0.41636747246558425,,OK,SOURCE_025,V5_SRC_DOM
RQ5,921.4994824149675,0.28377599629490924,1.343847409736217,2,,2485963,0.2111668290900761,0.43849975925302154,B,43,25,0.4966783041746006,0.7124283173047845,0.42865232100987527,,OK,SOURCE_025,V5_SRC_DOM
SENS_M2A,255.99700997163876,0.010938963289504278,1.3363239794529338,2,,2485963,0.008185861705469422,0.01667871728318581,B,24,21,0.018742895183920718,0.42730643575508853,0.41636747246558425,,OK,SOURCE_025,V5_SRC_DOM
RQ3,364.4588388732649,0.7115735844579305,1.1459368580348548,4,,1350025,0.6209535712798299,0.6392520223337895,A,19,4,0.7339647779740037,0.7420807616250429,0.030507177167112376,,OK,SOURCE_026,V5_SRC_DOM
RQ4,490.23159889222177,0.006062799139756603,0.9199625257965885,4,,1350025,0.0065902675051974224,0.018806679336993738,A,23,19,0.023506579726102646,0.7481435607647995,0.7420807616250429,,OK,SOURCE_026,V5_SRC_DOM
RQ5,3590.1772759777828,0.07742507407096655,0.5135311157744654,4,,1350025,0.15076997613708454,0.4384997592528629,A,41,23,0.3074174887331818,0.825568634835766,0.7481435607647995,,OK,SOURCE_026,V5_SRC_DOM
SENS_M2A,464.5409397790628,0.005371662748749673,0.9190839192669137,4,,1350025,0.005844583542528148,0.01667871728361731,A,22,19,0.02082691769173291,0.7474524243737926,0.7420807616250429,,OK,SOURCE_026,V5_SRC_DOM
RQ3,364.4588388732649,0.47246273609786227,1.4439437400369968,4,,1350025,0.327203008675225,0.4000037530343109,B,19,4,0.48172536259831483,0.4916907594066042,0.01922802330874196,,OK,SOURCE_026,V5_SRC_DOM
RQ4,490.23159889222177,0.011948611689227562,1.2945045213905242,4,,1350025,0.009230258752895404,0.018806679336804823,B,23,19,0.02350657972552074,0.5036393710958318,0.4916907594066042,,OK,SOURCE_026,V5_SRC_DOM
RQ5,3590.1772759777828,0.15258993804389376,0.7226037285373282,4,,1350025,0.2111668290900761,0.43849975925302154,B,41,23,0.30741748873348723,0.6562293091397255,0.5036393710958318,,OK,SOURCE_026,V5_SRC_DOM
SENS_M2A,464.5409397790628,0.01058651471586125,1.293268210088111,4,,1350025,0.008185861705469422,0.01667871728318581,B,22,19,0.02082691769188112,0.5022772741224655,0.4916907594066042,,OK,SOURCE_026,V5_SRC_DOM
RQ3,1474.8162596409932,0.6448806442411644,1.0385327890328726,0,,3835988,0.6209535712798299,0.6392520223337895,A,35,8,0.6638841856492118,0.6735054282303534,0.028624783989188995,,OK,FULL,V6_SPEC01
RQ4,1650.0429147383352,0.005233964040471939,0.7941959922482914,0,,3835988,0.0065902675051974224,0.018806679336993738,A,39,35,0.01603078425501262,0.6787393922708254,0.6735054282303534,,OK,FULL,V6_SPEC01
RQ5,2471.173859936107,0.12848297340895687,0.8521787739233727,0,,3835988,0.15076997613708454,0.4384997592528629,A,57,39,0.39993379305709675,0.8072223656797822,0.6787393922708254,,OK,FULL,V6_SPEC01
SENS_M2A,1612.5386832917002,0.004989593358832645,0.8537123855833078,0,,3835988,0.005844583542528148,0.01667871728361731,A,38,35,0.01528231643113803,0.6784950215891861,0.6735054282303534,,OK,FULL,V6_SPEC01
RQ3,1474.8162596409932,0.3607150132275091,1.1024196100395502,0,,3835988,0.327203008675225,0.4000037530343109,B,35,8,0.44097198143444155,0.5427151664931743,0.1820001532656652,,OK,FULL,V6_SPEC01
RQ4,1650.0429147383352,0.007330634508975975,0.7941959922495625,0,,3835988,0.009230258752895404,0.018806679336804823,B,39,35,0.016030784254878538,0.5500458010021503,0.5427151664931743,,OK,FULL,V6_SPEC01
RQ5,2471.173859936107,0.17995188950720187,0.8521787739230621,0,,3835988,0.2111668290900761,0.43849975925302154,B,57,39,0.3999337930571503,0.7299976905093521,0.5500458010021503,,OK,FULL,V6_SPEC01
SENS_M2A,1612.5386832917002,0.006988371524961345,0.8537123856236213,0,,3835988,0.008185861705469422,0.01667871728318581,B,38,35,0.01528231643146554,0.5497035380181357,0.5427151664931743,,OK,FULL,V6_SPEC01
RQ3,1466.82120185578,0.6451822631552675,1.0390185240830494,1,,3785441,0.6209535712798299,0.6392520223337895,A,34,7,0.6637740465018935,0.6731914681620093,0.028009205006741755,,OK,KNOWN_DIR,V6_SPEC01
RQ4,1641.0806688320852,0.005252298167594982,0.7969779926919128,1,,3785441,0.0065902675051974224,0.018806679336993738,A,38,34,0.016071484235909456,0.6784437663296042,0.6731914681620093,,OK,KNOWN_DIR,V6_SPEC01
RQ5,2458.580322496582,0.12863304983885848,0.8531741738945524,1,,3785441,0.15076997613708454,0.4384997592528629,A,56,38,0.40003282900343645,0.8070768161684627,0.6784437663296042,,OK,KNOWN_DIR,V6_SPEC01
SENS_M2A,1603.8031901422692,0.005012724738240548,0.8576701319718378,1,,3785441,0.005844583542528148,0.01667871728361731,A,37,34,0.015338414545203837,0.6782041929002498,0.6731914681620093,,OK,KNOWN_DIR,V6_SPEC01
RQ3,1466.82120185578,0.3598945745912969,1.0999121800512566,1,,3785441,0.327203008675225,0.4000037530343109,B,34,7,0.440731341327057,0.543309637591713,0.1834150630004161,,OK,KNOWN_DIR,V6_SPEC01
RQ4,1641.0806688320852,0.007339691959831418,0.7951772703586515,1,,3785441,0.009230258752895404,0.018806679336804823,B,38,34,0.016071484235241296,0.5506493295515444,0.543309637591713,,OK,KNOWN_DIR,V6_SPEC01
RQ5,2458.580322496582,0.17975501991418263,0.8512464798034433,1,,3785441,0.2111668290900761,0.43849975925302154,B,56,38,0.4000328290036503,0.7304043494657271,0.5506493295515444,,OK,KNOWN_DIR,V6_SPEC01
SENS_M2A,1603.8031901422692,0.007004906097292096,0.8557322795487414,1,,3785441,0.008185861705469422,0.01667871728318581,B,37,34,0.015338414544928848,0.5503145436890051,0.543309637591713,,OK,KNOWN_DIR,V6_SPEC01
RQ3,3679.243234214979,0.6617425441979,1.0656876372157762,0,,3728608,0.6209535712798299,0.6392520223337895,A,35,8,0.678198115657358,0.6860062085749501,0.024263664377050076,,OK,NO_ANOMALY,V6_SPEC01
RQ4,4098.8896395795,0.004990206295966804,0.7572084580832678,0,,3728608,0.0065902675051974224,0.018806679336993738,A,39,35,0.015892690977483744,0.6909964148709169,0.6860062085749501,,OK,NO_ANOMALY,V6_SPEC01
RQ5,5792.763326961759,0.1165675230735378,0.773148116489394,0,,3728608,0.15076997613708454,0.4384997592528629,A,57,39,0.377236798158322,0.8075639379444547,0.6909964148709169,,OK,NO_ANOMALY,V6_SPEC01
SENS_M2A,4006.3916344921536,0.004789623808205801,0.8194978775397894,0,,3728608,0.005844583542528148,0.01667871728361731,A,38,35,0.015253880614862669,0.6907958323831559,0.6860062085749501,,OK,NO_ANOMALY,V6_SPEC01
RQ3,3679.243234214979,0.36527177945474687,1.1163460291323548,0,,3728608,0.327203008675225,0.4000037530343109,B,35,8,0.4538656090724483,0.5604701550240216,0.19519837556927477,,OK,NO_ANOMALY,V6_SPEC01
RQ4,4098.8896395795,0.006985312001430155,0.7567839849818901,0,,3728608,0.009230258752895404,0.018806679336804823,B,39,35,0.01589269097713245,0.5674554670254518,0.5604701550240216,,OK,NO_ANOMALY,V6_SPEC01
RQ5,5792.763326961759,0.16317171468049685,0.7727147080041331,0,,3728608,0.2111668290900761,0.43849975925302154,B,57,39,0.377236798158996,0.7306271817059486,0.5674554670254518,,OK,NO_ANOMALY,V6_SPEC01
SENS_M2A,4006.3916344921536,0.0067045357815955775,0.8190384864571937,0,,3728608,0.008185861705469422,0.01667871728318581,B,38,35,0.01525388061409573,0.5671746908056172,0.5604701550240216,,OK,NO_ANOMALY,V6_SPEC01
RQ3,4186.601343729506,0.641730902012257,1.0334603611178266,0,,2387120,0.6209535712798299,0.6392520223337895,A,35,8,0.6886479983743699,0.7098601879070332,0.06812928589477618,,OK,CENTRAL_LENGTH,V6_SPEC01
RQ4,4667.5737325016225,0.005381997184198073,0.8166583799449043,0,,2387120,0.0065902675051974224,0.018806679336993738,A,39,35,0.018549667987217036,0.7152421850912313,0.7098601879070332,,OK,CENTRAL_LENGTH,V6_SPEC01
RQ5,6535.206494324021,0.10143686466816304,0.6727922048348249,0,,2387120,0.15076997613708454,0.4384997592528629,A,57,39,0.3562215305685696,0.8166790497593943,0.7152421850912313,,OK,CENTRAL_LENGTH,V6_SPEC01
SENS_M2A,4558.121663916049,0.005088786667469369,0.8706842207730939,0,,2387120,0.005844583542528148,0.01667871728361731,A,38,35,0.01753908445297682,0.7149489745745026,0.7098601879070332,,OK,CENTRAL_LENGTH,V6_SPEC01
RQ3,4186.601343729506,0.4061226563364655,1.241194749341607,0,,2387120,0.327203008675225,0.4000037530343109,B,35,8,0.46568665751821564,0.5340284063083127,0.12790574997184723,,OK,CENTRAL_LENGTH,V6_SPEC01
RQ4,4667.5737325016225,0.008643618354781002,0.9364437754325814,0,,2387120,0.009230258752895404,0.018806679336804823,B,39,35,0.018549667987916234,0.5426720246630937,0.5340284063083127,,OK,CENTRAL_LENGTH,V6_SPEC01
RQ5,6535.206494324021,0.16291007134634994,0.7714756718578106,0,,2387120,0.2111668290900761,0.43849975925302154,B,57,39,0.3562215305685961,0.7055820960094437,0.5426720246630937,,OK,CENTRAL_LENGTH,V6_SPEC01
SENS_M2A,4558.121663916049,0.008172715134703745,0.9983939906098227,0,,2387120,0.008185861705469422,0.01667871728318581,B,38,35,0.017539084453528444,0.5422011214430165,0.5340284063083127,,OK,CENTRAL_LENGTH,V6_SPEC01
RQ3,1261.5009943460104,0.6320339804129832,1.0178441829560878,2,,2485963,0.6209535712798299,0.6392520223337895,A,33,6,0.6490878987286653,0.65830764588893,0.026273665475946784,,OK,SOURCE_025,V6_SPEC01
RQ4,1410.8361477823296,0.005655361514324775,0.8581383851057134,2,,2485963,0.0065902675051974224,0.018806679336993738,A,37,33,0.016551033250473177,0.6639630074032548,0.65830764588893,,OK,SOURCE_025,V6_SPEC01
RQ5,2156.4791002494026,0.15460071858631796,1.0254078600221466,2,,2485963,0.15076997613708454,0.4384997592528629,A,55,37,0.4600705338767378,0.8185637259895727,0.6639630074032548,,OK,SOURCE_025,V6_SPEC01
SENS_M2A,1379.7215821454402,0.005442650057111975,0.9312297475959577,2,,2485963,0.005844583542528148,0.01667871728361731,A,36,33,0.01592850993482516,0.663750295946042,0.65830764588893,,OK,SOURCE_025,V6_SPEC01
RQ3,1261.5009943460104,0.4307271882920318,1.3163912826961894,2,,2485963,0.327203008675225,0.4000037530343109,B,33,6,0.443528224419463,0.4595890180982105,0.028861829806178685,,OK,SOURCE_025,V6_SPEC01
RQ4,1410.8361477823296,0.008944360130354823,0.9690259363042343,2,,2485963,0.009230258752895404,0.018806679336804823,B,37,33,0.016551033250431443,0.46853337822856533,0.4595890180982105,,OK,SOURCE_025,V6_SPEC01
RQ5,2156.4791002494026,0.24451213241581193,1.1579097601144162,2,,2485963,0.2111668290900761,0.43849975925302154,B,55,37,0.46007053387628943,0.7130455106443773,0.46853337822856533,,OK,SOURCE_025,V6_SPEC01
SENS_M2A,1379.7215821454402,0.008607941694118826,1.0515620717568914,2,,2485963,0.008185861705469422,0.01667871728318581,B,36,33,0.015928509934839134,0.46819695979232934,0.4595890180982105,,OK,SOURCE_025,V6_SPEC01
RQ3,,,,3,32,1350025,,,A,,,,,,30,NOT_IDENTIFIABLE_EXACT_IDENTITY,SOURCE_026,V6_SPEC01
RQ4,,,,3,36,1350025,,,A,,,,,,34,NOT_IDENTIFIABLE_EXACT_IDENTITY,SOURCE_026,V6_SPEC01
RQ5,,,,3,54,1350025,,,A,,,,,,52,NOT_IDENTIFIABLE_EXACT_IDENTITY,SOURCE_026,V6_SPEC01
SENS_M2A,,,,3,35,1350025,,,A,,,,,,33,NOT_IDENTIFIABLE_EXACT_IDENTITY,SOURCE_026,V6_SPEC01
RQ3,,,,3,32,1350025,,,B,,,,,,30,NOT_IDENTIFIABLE_EXACT_IDENTITY,SOURCE_026,V6_SPEC01
RQ4,,,,3,36,1350025,,,B,,,,,,34,NOT_IDENTIFIABLE_EXACT_IDENTITY,SOURCE_026,V6_SPEC01
RQ5,,,,3,54,1350025,,,B,,,,,,52,NOT_IDENTIFIABLE_EXACT_IDENTITY,SOURCE_026,V6_SPEC01
SENS_M2A,,,,3,35,1350025,,,B,,,,,,33,NOT_IDENTIFIABLE_EXACT_IDENTITY,SOURCE_026,V6_SPEC01
