no,pair_id,logical_corpus,translation_direction,domain,length_stratum,eojeol_count,morpheme_count,particle_count,ending_count,deriv_affix_count,morpheme_density,particle_ratio,ending_ratio,deriv_affix_ratio,function_morpheme_ratio,analysis_warning_flag,analysis_warning_reason,has_irregular_affix,sample_reason,stable_rank
1,pair_000a4688bb00f9f45d95697965ce91154709172b02ff7e4d1c985737100a0e4f,025,EN_TO_KO,general,Q1,5,10,2,1,0,2.0,0.2,0.1,0.0,0.3,False,NONE,False,A_domain_general,0017ffcb709151822e527fd53119f1fa
2,pair_0001bc13ae794f19814c18d2cfef814869449729e3d15ced4a670b808e63e665,025,KO_TO_EN,other,Q3,8,19,4,4,2,2.375,0.21052631578947367,0.21052631578947367,0.10526315789473684,0.42105263157894735,False,NONE,False,A_domain_other,002e5c0e81eee01fc6ca0504d9774078
3,pair_000df252558568d191f9d6ddcee07ba814332270b0be6f7bd7c85cd88bad0659,026,KO_TO_EN,other,Q5,18,40,7,10,3,2.2222222222222223,0.175,0.25,0.075,0.425,False,NONE,False,A_domain_other,009895855fd00bda22d1d5038e8e6e71
4,pair_0001cbc70cb6732008d04aa97319c936288235de94b0db1b2cf5bcc70d823886,026,KO_TO_EN,other,Q4,13,30,7,3,1,2.3076923076923075,0.23333333333333334,0.1,0.03333333333333333,0.3333333333333333,False,NONE,False,A_domain_other,009975b921361df0cd5243ede8c01668
5,pair_0002d473505003f08168f7ed77fac6511d4fa95776c475c0e2984a7c5c714f17,026,KO_TO_EN,technology,Q5,18,46,8,7,4,2.5555555555555554,0.17391304347826086,0.15217391304347827,0.08695652173913043,0.32608695652173914,False,NONE,False,A_domain_technology,00a8f7f3671cdc9e0c8448d87bc6fab7
6,pair_000be8524f68ef3dc1372eb309c847d202890dc58e4005c44dc127618f35e8a7,025,EN_TO_KO,general,Q1,4,11,1,3,1,2.75,0.09090909090909091,0.2727272727272727,0.09090909090909091,0.36363636363636365,False,NONE,False,A_domain_general,00c56d81006a9c415e2deb44c7469a5b
7,pair_000dd94d0915f7f47ed8c8b6a0226f42f1e0362197e741f6669acd33f3f4bfef,025,EN_TO_KO,other,Q3,11,24,5,3,2,2.1818181818181817,0.20833333333333334,0.125,0.08333333333333333,0.3333333333333333,False,NONE,False,A_domain_other,00d42e40a292f572142ada5e4e092bdf
8,pair_000f1e84a36af5e37d9b5ab9917c9ff164708e1f5392216a5bf2866d3d1dc2f7,025,KO_TO_EN,other,Q2,5,13,1,4,0,2.6,0.07692307692307693,0.3076923076923077,0.0,0.38461538461538464,False,NONE,False,A_domain_other,00d6399979c3ab2177edc88ff0d4706e
9,pair_000e785a8cba0b56ac993e409ffd5b6365ebac0e58c50337d300e38d3496eedf,025,KO_TO_EN,general,Q1,2,7,0,2,0,3.5,0.0,0.2857142857142857,0.0,0.2857142857142857,False,NONE,False,A_domain_general,012b2515d9b87044ff3bd74e70461943
10,pair_000cbbcf2791caf741e4888c2e6e23b8f2b0ac8a238deda2521699113f40d7e5,025,KO_TO_EN,dialogue,Q1,2,6,1,1,1,3.0,0.16666666666666666,0.16666666666666666,0.16666666666666666,0.3333333333333333,False,NONE,False,A_domain_dialogue,014d48f02f5dec8f62fc32db9990a4fd
11,pair_0006aba20b779e512b2ca86a1316878f02d34e7607eff62334b63625ccacb508,025,KO_TO_EN,general,Q1,3,6,0,1,0,2.0,0.0,0.16666666666666666,0.0,0.16666666666666666,False,NONE,False,A_domain_general,0165c21a4f5d7c78ec8e0cab47704029
12,pair_0009a5b4b3fd5644cd22de516853d740c4c7a6c9da5461df203ed11993777cd4,026,KO_TO_EN,other,Q5,20,40,6,7,6,2.0,0.15,0.175,0.15,0.325,False,NONE,False,A_domain_other,01b08fa1db0a989f63c3e5dc24c82d0b
13,pair_000cd84be367b8e8c68d23e9936cfbf3bbd13cb47af0626bf50124af19013d95,025,EN_TO_KO,other,Q1,4,8,1,1,1,2.0,0.125,0.125,0.125,0.25,False,NONE,False,A_domain_other,01e3ca28bb4f156c8523f064bca1d144
14,pair_000d85231cbfb1935e3536ea6959097df33a762f2cd99bdac9afc3d20266b5be,026,KO_TO_EN,other,Q4,12,27,7,3,0,2.25,0.25925925925925924,0.1111111111111111,0.0,0.37037037037037035,False,NONE,False,A_domain_other,0278f418f7b9a9961901b441a42f3325
15,pair_00100969a88e63a5bf2a91e53d153dd0f22ec50e6d7e5f4fe8626a7cfcf7f83e,025,KO_TO_EN,other,Q2,7,14,3,2,0,2.0,0.21428571428571427,0.14285714285714285,0.0,0.35714285714285715,False,NONE,False,A_domain_other,030f22e663b52955bf1b79a86d776acf
16,pair_000aef11c02213e266dbf5a14895e969810446e2eb44419b60ee86b89cd947d2,025,EN_TO_KO,other,Q2,9,18,5,3,0,2.0,0.2777777777777778,0.16666666666666666,0.0,0.4444444444444444,False,NONE,False,A_domain_other,0367ceed4965d1718595265aca54f547
17,pair_000ae3c6c7bd41628bbcb24b57069ce9e1376ca2264eaca088a574b71fafe345,025,EN_TO_KO,general,Q1,3,6,1,1,0,2.0,0.16666666666666666,0.16666666666666666,0.0,0.3333333333333333,False,NONE,False,A_domain_general,03a6e19a4386790019e8e127dd2e96c5
18,pair_000e09d08f36c5263c0394105277acc07bd0dce9816cdbadd1c06a77f4f737cb,025,EN_TO_KO,general,Q2,5,12,2,2,0,2.4,0.16666666666666666,0.16666666666666666,0.0,0.3333333333333333,False,NONE,False,A_domain_general,042ad0ef53c39a6460b4df601deb330d
19,pair_000b7e88c239e169072134b307228cf623881a8fa39d36165b2e4c8b375c9c79,025,KO_TO_EN,dialogue,Q1,5,10,2,2,0,2.0,0.2,0.2,0.0,0.4,False,NONE,False,A_domain_dialogue,0537843924fdf53053dfc337f3de2206
20,pair_0000a4197dc93eab94dd1fb1557483a3e6b4a2ccd957f97242f57533e6b0ff11,025,KO_TO_EN,dialogue,Q1,6,11,3,1,0,1.8333333333333333,0.2727272727272727,0.09090909090909091,0.0,0.36363636363636365,False,NONE,False,A_domain_dialogue,05baf9eeedc62507f226508eba75b998
21,pair_0008a76a6b7ed2d5030ac0cc6f0853b7c9c7985a0d69972786962a7e697bcdfc,025,KO_TO_EN,general,Q1,2,6,0,1,0,3.0,0.0,0.16666666666666666,0.0,0.16666666666666666,False,NONE,False,A_domain_general,05ea9bc09d7b89b4344a46dd5e3e7662
22,pair_0003d40157e00ab7e3a73b1538064c3d95ac0b56737c130dabbb1a729fd1d32c,025,EN_TO_KO,dialogue,Q1,3,8,0,3,1,2.6666666666666665,0.0,0.375,0.125,0.375,False,NONE,False,A_domain_dialogue,05f6c5d14e443713c3c59cb637824ac3
23,pair_000c12b36d924104dae93d17001cffce1f3db23cf687fa399050207afb5d2313,025,EN_TO_KO,dialogue,Q3,9,19,5,3,0,2.111111111111111,0.2631578947368421,0.15789473684210525,0.0,0.42105263157894735,False,NONE,False,A_domain_dialogue,073a282f8c0c5547b43ae39f5d5057e5
24,pair_000c48a8011095dc53828aa16c074d4ca715af74cce5fc7d9c94f339245cbbff,025,EN_TO_KO,general,Q1,3,6,1,1,0,2.0,0.16666666666666666,0.16666666666666666,0.0,0.3333333333333333,False,NONE,False,A_domain_general,073edaf1513aa8b2e492c2b8f0d236a8
25,pair_0004ab81df17dadf4067eb2e4d7129f97b10432f7b46950f11d7af298152ee1e,025,EN_TO_KO,dialogue,Q1,3,8,1,2,1,2.6666666666666665,0.125,0.25,0.125,0.375,False,NONE,False,A_domain_dialogue,07730f2f1a35d85693901f885d60148a
26,pair_000e215dc919bc38ac8a488fe422afb269735f4d5680d93998d96a1a23b6dcaf,025,EN_TO_KO,general,Q1,5,11,1,2,1,2.2,0.09090909090909091,0.18181818181818182,0.09090909090909091,0.2727272727272727,False,NONE,False,A_domain_general,07ff9d40d59578460191dbd86d5c4d2d
27,pair_000d6e65fc941936d9984f1970457c40433fb8c7ad0295764a1568f2a383e8b0,025,EN_TO_KO,general,Q2,5,16,2,4,1,3.2,0.125,0.25,0.0625,0.375,False,NONE,False,A_domain_general,08b9d8125feef635c309c86ea5d47fba
28,pair_000d15872ff9088b0e8f25e14ef5c4d4783794a52dae977c63f5a8ad365fce2e,025,EN_TO_KO,dialogue,Q3,8,17,4,2,2,2.125,0.23529411764705882,0.11764705882352941,0.11764705882352941,0.35294117647058826,False,NONE,False,A_domain_dialogue,09139131267c4b42a5a358ae896cb10b
29,pair_000cc6cc18d435c6e2b8db9ed95a5ac75b7b88ac7bffc1c72d409caf845d0321,025,EN_TO_KO,dialogue,Q1,3,7,1,1,1,2.3333333333333335,0.14285714285714285,0.14285714285714285,0.14285714285714285,0.2857142857142857,False,NONE,False,A_domain_dialogue,0949e9792585cc2ca5a008cc58652b4e
30,pair_00077d13104fb90aac572176b8345248302b4d563aef6520c5eb0f128ca728c6,025,KO_TO_EN,dialogue,Q2,6,13,3,2,0,2.1666666666666665,0.23076923076923078,0.15384615384615385,0.0,0.38461538461538464,False,NONE,False,A_domain_dialogue,097e9202fcceea854c6d9a69c2855a38
31,pair_000d2edc2537a5e3f2389e5389902ec1aa20e506f9521d506e6149a164b27d5e,026,KO_TO_EN,technology,Q5,17,61,6,6,6,3.588235294117647,0.09836065573770492,0.09836065573770492,0.09836065573770492,0.19672131147540983,False,NONE,False,A_domain_technology,099627c71c09a77ab00a969b42ce35a2
32,pair_00019505a4867517e16db7515f8eec83b7cf8328a4e51b2ef0b7e65064d5c800,026,KO_TO_EN,technology,Q4,21,43,6,10,3,2.0476190476190474,0.13953488372093023,0.23255813953488372,0.06976744186046512,0.37209302325581395,False,NONE,False,A_domain_technology,0ace85fc35d29294c47dcb236c75cc20
33,pair_0008a24e90817bb1042ea783c1199dcde566964e9ca0e7d974560b792c374cca,025,EN_TO_KO,dialogue,Q2,6,11,1,2,1,1.8333333333333333,0.09090909090909091,0.18181818181818182,0.09090909090909091,0.2727272727272727,False,NONE,False,A_domain_dialogue,0bc475d73773ab6daaa786839022aeef
34,pair_0009ad7c4d5895ea5d5c6c64abc7fb6e4c0bfcc4fce0d747323828d0438142a0,026,KO_TO_EN,technology,Q5,25,44,7,7,3,1.76,0.1590909090909091,0.1590909090909091,0.06818181818181818,0.3181818181818182,False,NONE,False,A_domain_technology,0d12c135c42e142edf6ef598286976f3
35,pair_000e0a628fa2809bcaa9e681c1f1deeab6ad644cc426a2031ee68f4621e72995,026,KO_TO_EN,technology,Q4,18,32,4,4,2,1.7777777777777777,0.125,0.125,0.0625,0.25,False,NONE,False,A_domain_technology,0d7320c4b75b591910525eeb22c9b68d
36,pair_00007a300d4eee89e41bce9ef057118f7c197c7177dbeaca3edddab432220e04,025,UNKNOWN,other,Q3,12,27,5,6,2,2.25,0.18518518518518517,0.2222222222222222,0.07407407407407407,0.4074074074074074,False,NONE,False,D_direction_fill_UNKNOWN,0ed7764ba1387028d05d973478e57dad
37,pair_0008949c0bdf472425f3346d02c5e4d9330a02e61c8d15bf6f4da97241159d00,026,KO_TO_EN,technology,Q4,16,42,6,5,2,2.625,0.14285714285714285,0.11904761904761904,0.047619047619047616,0.2619047619047619,False,NONE,False,A_domain_technology,0f26458761a3ae75ec09cfbf3e6006c5
38,pair_0000a0a61652d2becbe76f4191057cbb5dfed5c67eb26b0bbb94ce7b8160ad9f,026,KO_TO_EN,other,Q5,29,59,12,9,3,2.0344827586206895,0.2033898305084746,0.15254237288135594,0.05084745762711865,0.3559322033898305,False,NONE,False,B_eojeol_top,11b8f9ac799ceab20c0e90bc96461612
39,pair_000f5c3ff9ed6ebcafe560c52126a0cd69a9c8aecf6db1fcade661b26c6a092a,026,KO_TO_EN,technology,Q4,15,33,5,4,2,2.2,0.15151515151515152,0.12121212121212122,0.06060606060606061,0.2727272727272727,False,NONE,False,A_domain_technology,1211c737ce7a179693dd169bb004fb28
40,pair_000af4134b3291bd275d9d0c66ddec4356bd65c03a93532a6344312349438618,025,EN_TO_KO,general,Q1,6,14,3,2,1,2.3333333333333335,0.21428571428571427,0.14285714285714285,0.07142857142857142,0.35714285714285715,False,NONE,True,D_irregular_affix_case,128e643d94aa32ae7665bbf5dbcb5f3e
41,pair_000452556a5afa598779f2fea63f7f12442f05d0bb459767075a8648bbca4388,025,UNKNOWN,other,Q1,7,11,0,2,1,1.5714285714285714,0.0,0.18181818181818182,0.09090909090909091,0.18181818181818182,False,NONE,False,D_direction_fill_UNKNOWN,13139aa9dd21d3bb27a78470d0130dde
42,pair_0001698f0f2f93061dd61592d8937078da9beed1ecf44b4a8141149b48c2b84a,026,KO_TO_EN,technology,Q5,22,44,6,7,5,2.0,0.13636363636363635,0.1590909090909091,0.11363636363636363,0.29545454545454547,False,NONE,False,A_domain_technology,134768de2add89732f9b3ebb24694c9d
43,pair_000fee09c369d2d7298c46a2f3a15ca19a161c20ca9ee7dea5225ef60a8f16a2,026,KO_TO_EN,technology,Q5,18,66,9,5,4,3.6666666666666665,0.13636363636363635,0.07575757575757576,0.06060606060606061,0.21212121212121213,False,NONE,False,A_domain_technology,15b817b97fa5e33decab590a03db2cd9
44,pair_000933374f47f5abe21ca49b6d0c7ca38ac060f272b2c1bffdde61ac71a0dc65,025,UNKNOWN,other,Q1,5,11,2,1,1,2.2,0.18181818181818182,0.09090909090909091,0.09090909090909091,0.2727272727272727,False,NONE,False,D_direction_fill_UNKNOWN,1611e2be6d4b16f55e604fe379e0c0ab
45,pair_00098b9d409c9734246b694e77759320eedc99191eb2a6b12f457d1cfb3e55f9,026,KO_TO_EN,technology,Q5,20,41,6,6,5,2.05,0.14634146341463414,0.14634146341463414,0.12195121951219512,0.2926829268292683,False,NONE,False,A_domain_technology,1671f749337cbcf5771b3af04dc66d67
46,pair_000e54fe61fd9abd988987ef2858a562569fab8db03e8710500403f8e8b3fdbc,026,KO_TO_EN,other,Q5,30,64,12,11,5,2.1333333333333333,0.1875,0.171875,0.078125,0.359375,False,NONE,False,B_morpheme_count_top,1a7fe5dad497b33b41c548cba004977d
47,pair_0003f3844de2e14d74faeba07ac582e325a47ac983489adf5fd26e152fee84c8,025,UNKNOWN,dialogue,Q1,6,13,1,4,0,2.1666666666666665,0.07692307692307693,0.3076923076923077,0.0,0.38461538461538464,False,NONE,False,D_direction_fill_UNKNOWN,1cc9201124637a07526c305e25d3db47
48,pair_0002b6e1c048b18a3d3aace312e240e3d55c49e7a091d6e266984babbf9e8473,025,KO_TO_EN,general,Q1,2,4,0,0,0,2.0,0.0,0.0,0.0,0.0,False,NONE,False,C_punctuation,2130e9313d61605e454dabad2f705d74
49,pair_000c668d8baef52d4f748acaf3073c9f3410cc31b38e0ace8fe7fe311fd1b540,026,KO_TO_EN,other,Q5,26,74,11,14,6,2.8461538461538463,0.14864864864864866,0.1891891891891892,0.08108108108108109,0.33783783783783783,False,NONE,False,B_morpheme_count_top,216887a291ccc783b3ad2b5264b552e8
50,pair_000fdbf4b8c6c37fcde3cb19216461660d168350da5c60fd0982250c362b33bd,025,KO_TO_EN,other,Q2,7,18,3,4,1,2.5714285714285716,0.16666666666666666,0.2222222222222222,0.05555555555555555,0.3888888888888889,False,NONE,True,D_irregular_affix_case,265f072bdb5475bdcb4b5c8f3bcdb085
51,pair_000ebeac95d0a2537edc5602178623b6e7ab688d8b5100e54ff6e7913058bfd5,026,KO_TO_EN,technology,Q5,25,46,6,5,1,1.84,0.13043478260869565,0.10869565217391304,0.021739130434782608,0.2391304347826087,False,NONE,False,C_long_technology,2694e4fef33485579d9db1aab2f11514
52,pair_000e71b769b70aa25d0c14ed3ddfe7b7db82dfe1811217ae709a469a6dc2f1f9,025,EN_TO_KO,general,Q1,2,7,0,4,0,3.5,0.0,0.5714285714285714,0.0,0.5714285714285714,False,NONE,False,B_ending_top,2b270acf51da721b101df8ef95ce404d
53,pair_000e6d90836f2ac77a7be71cb7353f3c9411a6f26a00400033133ff1a2f75706,026,KO_TO_EN,other,Q5,30,69,10,14,5,2.3,0.14492753623188406,0.2028985507246377,0.07246376811594203,0.34782608695652173,False,NONE,False,B_morpheme_count_top,2b6dadf86e65def2f600b1b8a71dea5b
54,pair_000da576ae2ce5912df606c4fcdca9eda4ffc53a2507784c380b8827278a1998,026,KO_TO_EN,technology,Q5,25,52,9,7,5,2.08,0.17307692307692307,0.1346153846153846,0.09615384615384616,0.3076923076923077,False,NONE,False,C_long_technology,2cc2f13453d0d3936bac34d3e5e7b1d6
55,pair_0007ad70ee14c5e528816c09459718ab0f09cf7bd54a72962a5bf3ea1eb18340,025,KO_TO_EN,other,Q2,11,22,3,4,2,2.0,0.13636363636363635,0.18181818181818182,0.09090909090909091,0.3181818181818182,False,NONE,True,D_irregular_affix_case,30cdd173b452f8140638e5641c60ca3f
56,pair_0001b5736413d3c87a29dbbad14f19e8be3bd7b890ce4f55b23b18f3547bf2b4,025,UNKNOWN,other,Q3,17,36,5,5,2,2.1176470588235294,0.1388888888888889,0.1388888888888889,0.05555555555555555,0.2777777777777778,False,NONE,False,D_direction_fill_UNKNOWN,3181c9a6e0e285f598cf843182c0d0ac
57,pair_0007c469c4cdb150aba2775ff1050ba76e731669182941027fa4dff3cb8b2875,026,KO_TO_EN,other,Q4,20,42,7,5,4,2.1,0.16666666666666666,0.11904761904761904,0.09523809523809523,0.2857142857142857,False,NONE,False,C_mixed_latin,32f0f5efccb5e75593432fc0338d7533
58,pair_000c0a30d25a89d055ca532ce81cb21073fbe6e44210eede60ce329fbb92349c,025,EN_TO_KO,other,Q3,6,13,0,2,2,2.1666666666666665,0.0,0.15384615384615385,0.15384615384615385,0.15384615384615385,False,NONE,False,C_digit_unit,33e342b32b70e76e578db2a1e652f47d
59,pair_000e1c5125c33acabaa45b538b3a21ee525dc4fe4cc30a9c96789f144a618b6f,025,KO_TO_EN,dialogue,Q1,3,7,1,1,1,2.3333333333333335,0.14285714285714285,0.14285714285714285,0.14285714285714285,0.2857142857142857,False,NONE,False,C_short_dialogue,3424627deb659e7caf14ca84d7ee0ac8
60,pair_000b4b9967259d57c4049448078a4c01f153f2d781f8b0d0ae3fff4477ebe1ec,025,EN_TO_KO,other,Q1,3,9,1,2,2,3.0,0.1111111111111111,0.2222222222222222,0.2222222222222222,0.3333333333333333,False,NONE,False,B_deriv_affix_top,36d2cbaaf73fe87786e7e84b386b09b9
61,pair_000f27e91f975697ff875d6931cbea758fcbd3579cfaaff18208461e08ca0052,025,KO_TO_EN,general,Q1,1,3,0,0,0,3.0,0.0,0.0,0.0,0.0,False,NONE,False,B_eojeol_bottom,39d483f78715cc6b85b5acd39719147d
62,pair_0009d219c41aab1e31407773fd05f2e50193f82301b7daff6cf5313c647f892d,025,KO_TO_EN,general,Q1,1,3,0,0,0,3.0,0.0,0.0,0.0,0.0,False,NONE,False,B_eojeol_bottom,3cea7273ef4d6808e5c3a1a22aeea4ee
63,pair_0005c6a7f8c2ae3881cf9cde4c1a89106790a3b7159534bfa62cc6e300d7f492,025,KO_TO_EN,dialogue,Q1,3,8,1,1,1,2.6666666666666665,0.125,0.125,0.125,0.25,False,NONE,False,C_short_dialogue,3d67ef51062b7cd05807b565547eb570
64,pair_000cd6ecf1c643042012c820c877637363bd7261f3857503298af93272662078,026,KO_TO_EN,other,Q5,31,57,6,8,4,1.8387096774193548,0.10526315789473684,0.14035087719298245,0.07017543859649122,0.24561403508771928,False,NONE,False,B_eojeol_top,3edc65c7bff822bfbe3a807b4d56cd8d
65,pair_000fc0c3cf3a454771739a3f2ba5069f2a695906d9b4ce85635c093dfffd6fce,025,EN_TO_KO,general,Q4,13,31,5,9,2,2.3846153846153846,0.16129032258064516,0.2903225806451613,0.06451612903225806,0.45161290322580644,False,NONE,True,D_irregular_affix_case,411711db32e407fd5402395bb8555b0f
66,pair_000c9b5df78afb0bb4844e719dec2e1b8b53a035a9e576d381dbb0b375c081ca,025,KO_TO_EN,general,Q1,1,4,0,1,0,4.0,0.0,0.25,0.0,0.25,False,NONE,False,B_eojeol_bottom,419e04449ac71df91a5a51a689b0a996
67,pair_00049f4c183eea6c1e4bd02a1c26a81e681a6fbf4efb1229d9c875f2fac5273a,025,KO_TO_EN,general,Q1,4,6,0,0,0,1.5,0.0,0.0,0.0,0.0,False,NONE,False,B_density_bottom,42fa07941379651ac1dbe89703a0347c
68,pair_0001362fa30c4d2b74bb5bba3b2eeb778a7af80c86f697f007e75908ae031bfe,026,KO_TO_EN,other,Q5,29,62,11,7,6,2.1379310344827585,0.1774193548387097,0.11290322580645161,0.0967741935483871,0.2903225806451613,False,NONE,False,B_eojeol_top,4a9036f1fea4bc4fceb6fdf19be4a9bf
69,pair_000441d9d1e9db93b4ce0720aa4f8baffa4d0e5c11c71139ddc42b9473445952,025,KO_TO_EN,dialogue,Q1,4,9,0,4,0,2.25,0.0,0.4444444444444444,0.0,0.4444444444444444,False,NONE,False,B_ending_top,4e3b49f10cd265b32740049562f8ea08
70,pair_0003f7e2da3f8c0a6f59abdfe749f50476d15668ff9eb8aaf1cc92edffbbf4c3,026,KO_TO_EN,other,Q5,27,64,8,17,4,2.3703703703703702,0.125,0.265625,0.0625,0.390625,False,NONE,False,B_morpheme_count_top,52ed13393daaba13504027460f9b9d7e
71,pair_000dfc2690993ee86ee12759cdb0f81dab8f65d97b66a64a5496e9d450057e03,025,KO_TO_EN,general,Q1,1,3,0,0,0,3.0,0.0,0.0,0.0,0.0,False,NONE,False,B_eojeol_bottom,54261bb6c6c87358a64d57990436fd85
72,pair_00034e926aac4d5ccdee87ceffa14875bd014b88634c6aa2d3cd6b562838d900,025,KO_TO_EN,general,Q1,1,2,0,0,0,2.0,0.0,0.0,0.0,0.0,False,NONE,False,B_eojeol_bottom,573812f315792019f92759c238942a26
73,pair_00071a4c40e8de5957a9baab515c34e1db53dc90c88da90a92e6323cd672b46e,025,EN_TO_KO,general,Q1,2,7,0,4,0,3.5,0.0,0.5714285714285714,0.0,0.5714285714285714,False,NONE,False,B_ending_top,5ed12a9c57331b81116689d12d63edfe
74,pair_0002e6ae93f22e790f604911fe6e7ab94f2321fc6d4f3f18787ffed952509886,025,KO_TO_EN,other,Q1,3,9,3,1,1,3.0,0.3333333333333333,0.1111111111111111,0.1111111111111111,0.4444444444444444,False,NONE,False,B_particle_top,61af34440ae5b0034e4c5874ffaeecab
75,pair_000e1a1688cdf16ce3999b6c97f17a83718bd90f39fa3b7ed1b495e9e92d807d,025,KO_TO_EN,general,Q1,1,8,3,0,0,8.0,0.375,0.0,0.0,0.375,False,NONE,False,B_density_top,6713d834d9afbc6d0a769153e62357a5
76,pair_000123c07cb17db344617d555a2f509b27e8f35ffca8140adb1c1a59c53e687c,026,KO_TO_EN,technology,Q4,22,49,4,5,7,2.227272727272727,0.08163265306122448,0.10204081632653061,0.14285714285714285,0.1836734693877551,False,NONE,False,C_digit_unit,68d551a30177a8e81809d99e0c6e0d11
77,pair_0001c14dcb936ebde9b8d8dc7d10c322dd66c27ec59a368de27ae8290bef42f3,025,KO_TO_EN,other,Q3,9,23,2,5,5,2.5555555555555554,0.08695652173913043,0.21739130434782608,0.21739130434782608,0.30434782608695654,False,NONE,False,B_deriv_affix_top,6a820acddb78d25e0ca509764b489d3d
78,pair_000a8bbf0ada52a4556ca95cd645cafc55a8edeccc2be02f6fa38cb34f18ce23,025,EN_TO_KO,dialogue,Q1,3,7,1,2,0,2.3333333333333335,0.14285714285714285,0.2857142857142857,0.0,0.42857142857142855,False,NONE,False,C_short_dialogue,6ab09f6b3ba4cbfc6d386e3bae5bc489
79,pair_000eff7c752541e621b46498ead8e8a6d6c62dd4c3e166d32c03eccd75f81b8e,026,KO_TO_EN,other,Q5,30,47,2,2,0,1.5666666666666667,0.0425531914893617,0.0425531914893617,0.0,0.0851063829787234,False,NONE,False,B_eojeol_top,6ced6421d224295b58b3cc6bf0c30445
80,pair_0005d3169b4b3f4c16194c11f7a72dd6af9e06d175b30b57dc0524d8749b04d6,025,KO_TO_EN,general,Q1,1,4,0,1,0,4.0,0.0,0.25,0.0,0.25,False,NONE,False,C_punctuation,76a60f5a32dda2da4e513988358a231f
81,pair_000e6d0c1c920191a3153177297e6efd9fa9839d76ff1e1548f8f8a3ed18ade8,025,KO_TO_EN,general,Q1,2,3,0,0,0,1.5,0.0,0.0,0.0,0.0,False,NONE,False,B_density_bottom,78efc6108aefee4db363c1fb280aa6a3
82,pair_0000d6dd50783c078efe1a2a5f60fba2670208f7b3d7dc2542eb3c3ab652ea32,025,EN_TO_KO,other,Q1,3,9,1,1,0,3.0,0.1111111111111111,0.1111111111111111,0.0,0.2222222222222222,False,NONE,False,C_digit_unit,798e9f027e5d0d687ad3c74af0da96ad
83,pair_0009ce936ddcde8dc4a63cb6d600e18b0a355b7fe088c12ba6cd5444dccf46ca,025,EN_TO_KO,dialogue,Q1,2,6,0,2,0,3.0,0.0,0.3333333333333333,0.0,0.3333333333333333,False,NONE,False,C_short_dialogue,8268351a1e7f9a45f2034ef1d114f63c
84,pair_0003420ff4239538f492d5ad5722e8f4b71badcbdf67e6d932c5d62aef2eb2ff,025,KO_TO_EN,general,Q1,1,5,0,1,1,5.0,0.0,0.2,0.2,0.2,False,NONE,False,B_density_top,837ff2ac53dbc8005f09df51d501e19c
85,pair_000d1a483e4f7ab0b98229ec795b3ffed7498cb015f01fef10dad9ab75a1024c,025,KO_TO_EN,general,Q1,5,6,0,0,0,1.2,0.0,0.0,0.0,0.0,False,NONE,False,B_density_bottom,8694a0e948cfa11c266b425bf6a88985
86,pair_0005b2c6ca08cae032e97aaa0085d61af7fc67fb143d0c4c05ff91925f8655d8,025,KO_TO_EN,general,Q1,1,6,0,1,0,6.0,0.0,0.16666666666666666,0.0,0.16666666666666666,False,NONE,False,B_density_top,86c8109ac267e5ebc3ab77b21c7eda9d
87,pair_00042185853bc7cee74614b4293ee4c651e4ff419c1af6f3b51b05eedb1dd082,025,KO_TO_EN,general,Q1,2,3,0,0,0,1.5,0.0,0.0,0.0,0.0,False,NONE,False,B_density_bottom,86fbce431d499a0b4d24e9a7639c8e3a
88,pair_000a595c426e1a5f7d3e68db0f6c7bd81f29338486923eb1c66ac33f47259dce,025,KO_TO_EN,general,Q1,1,2,0,0,0,2.0,0.0,0.0,0.0,0.0,False,NONE,False,C_punctuation,8c80ae107c9a7a1af7656d929ff949cb
89,pair_000e8cd93a87c7aef391855ce9932f044035f5bd3da30c25544f31eb9c03f18d,025,KO_TO_EN,general,Q1,1,4,0,1,1,4.0,0.0,0.25,0.25,0.25,False,NONE,False,B_deriv_affix_top,8d9a691054173fba7fa17c475ac2bb21
90,pair_000eccd1f478bf529c2f30f34ba49f80e488d99e5742797ef6cb81d2dbab58a1,025,KO_TO_EN,general,Q1,1,5,1,0,1,5.0,0.2,0.0,0.2,0.2,False,NONE,False,B_density_top,8daa4c11b1aed7f985f24ef763760305
91,pair_000358b47bd91e2ea39d058f6f396fe4f223812faa589265c07c724842722b0a,025,KO_TO_EN,other,Q3,13,24,5,3,1,1.8461538461538463,0.20833333333333334,0.125,0.041666666666666664,0.3333333333333333,False,NONE,False,C_mixed_latin,8ee77dc2d2794efb3495cb52951e03b3
92,pair_0001107486f843e06468b97b40434702fe58654cb93284eb7a0b1d637ad51cf3,025,KO_TO_EN,general,Q1,1,3,1,0,0,3.0,0.3333333333333333,0.0,0.0,0.3333333333333333,False,NONE,False,B_particle_top,92ee62607768e207694dc3142253c518
93,pair_0001c5060b05950e3e6bbafeab93146649772576340e70e0d3d03e22101ee058,025,KO_TO_EN,other,Q1,6,15,5,2,1,2.5,0.3333333333333333,0.13333333333333333,0.06666666666666667,0.4666666666666667,False,NONE,False,B_particle_top,930c791e7440e7f12ce0262c4223aa6f
94,pair_00019fe0507c84de93ecd74c1ee65f75ecf74208ba907e4e1f465e03d6313ac6,025,KO_TO_EN,dialogue,Q1,4,6,0,1,0,1.5,0.0,0.16666666666666666,0.0,0.16666666666666666,False,NONE,False,B_density_bottom,9b997787c9d66ed218ab329cfc8e90a0
95,pair_000b4ab1f0122d98fdb21755300ca8b00afe21fe9befab0551937697b8c6b0d2,025,EN_TO_KO,other,Q2,6,15,2,1,3,2.5,0.13333333333333333,0.06666666666666667,0.2,0.2,False,NONE,False,B_deriv_affix_top,9d275b08ff1e7697d3fe9654dcac710b
96,pair_000efcfcc147cd30d87ba47b23145a141f8c496dc1caef124651255051c7f649,025,KO_TO_EN,general,Q1,1,2,0,0,0,2.0,0.0,0.0,0.0,0.0,False,NONE,False,C_mixed_latin,a56c705578de140164c260c9998a2c2c
97,pair_001030939d8cd4ca7c1a9bf8d967936901f982bb18e536724d8547a8447daf0e,025,KO_TO_EN,general,Q1,1,3,0,0,0,3.0,0.0,0.0,0.0,0.0,False,NONE,False,C_punctuation,a5c36202738dad75f9995a056c3a455b
98,pair_0000c2b7b5f16efb463bd62589b895367d1c2181beba492d299ff009d458990c,025,EN_TO_KO,other,Q1,4,10,0,2,1,2.5,0.0,0.2,0.1,0.2,False,NONE,False,C_mixed_latin,aa48c28fb31020b46bf75fd9c9a41a63
99,pair_0000eb40e77cb8704ec74525daae174c5c7c04dac97fbffad7cb6b00277e23df,026,KO_TO_EN,other,Q5,30,63,16,10,6,2.1,0.25396825396825395,0.15873015873015872,0.09523809523809523,0.4126984126984127,False,NONE,False,B_eojeol_top,b5d1638b3db10fdbca38cb813f5b15fc
100,pair_000fd472b43d78cd9378e693901a3121a6b2989058c54e66eac2473242c00e33,025,KO_TO_EN,general,Q1,1,5,0,2,1,5.0,0.0,0.4,0.2,0.4,False,NONE,False,B_density_top,b5d77f99939f72fa86e0caaf7324d57f
