dataset_label,relative_file_path,extension,byte_size,modified_time,archive_container_type,sha256,file_role_from_filename_only,parsing_status,error_class,parsing_details_json
LOCAL_DIR_025,data/raw/aigub/025.일상생활 및 구어체 한-영 번역 병렬 말뭉치 데이터/01.데이터/1.Training/라벨링데이터/TL1/일상생활및구어체_영한_train_set.json,.json,1009131497,2026-08-16T13:04:26+09:00,NONE,922fa5e307d80436644f63ec180be387dc4b3c63b5ffaf86b43f0f834515c0f1,unknown,PARSEABLE,,"{""candidate_record_path"": ""root.data[*]"", ""top_level_type"": ""object""}"
LOCAL_DIR_025,data/raw/aigub/025.일상생활 및 구어체 한-영 번역 병렬 말뭉치 데이터/01.데이터/1.Training/라벨링데이터/TL2/일상생활및구어체_한영_train_set.json,.json,972643210,2026-08-16T13:04:25+09:00,NONE,5e0fdf49b5c7b3b1ca89b4e9c7b6d16c91f23b6a51e555ca7e92a89e82e45c67,unknown,PARSEABLE,,"{""candidate_record_path"": ""root.data[*]"", ""top_level_type"": ""object""}"
LOCAL_DIR_025,data/raw/aigub/025.일상생활 및 구어체 한-영 번역 병렬 말뭉치 데이터/01.데이터/1.Training/원천데이터/TS1/일상생활및구어체_영한_train_set.json,.json,1009131497,2026-08-16T13:04:26+09:00,NONE,922fa5e307d80436644f63ec180be387dc4b3c63b5ffaf86b43f0f834515c0f1,unknown,PARSEABLE,,"{""candidate_record_path"": ""root.data[*]"", ""top_level_type"": ""object""}"
LOCAL_DIR_025,data/raw/aigub/025.일상생활 및 구어체 한-영 번역 병렬 말뭉치 데이터/01.데이터/1.Training/원천데이터/TS2/일상생활및구어체_한영_train_set.json,.json,972643210,2026-08-16T13:04:25+09:00,NONE,5e0fdf49b5c7b3b1ca89b4e9c7b6d16c91f23b6a51e555ca7e92a89e82e45c67,unknown,PARSEABLE,,"{""candidate_record_path"": ""root.data[*]"", ""top_level_type"": ""object""}"
LOCAL_DIR_025,data/raw/aigub/025.일상생활 및 구어체 한-영 번역 병렬 말뭉치 데이터/01.데이터/2.Validation/라벨링데이터/VL1/일상생활및구어체_영한_valid_set.json,.json,131341219,2026-08-16T13:03:51+09:00,NONE,ca574c2d5c14efd8513ed95a6a950ffe14896b1cfc1ada77db7f8fd5f4358c3c,unknown,PARSEABLE,,"{""candidate_record_path"": ""root.data[*]"", ""top_level_type"": ""object""}"
LOCAL_DIR_025,data/raw/aigub/025.일상생활 및 구어체 한-영 번역 병렬 말뭉치 데이터/01.데이터/2.Validation/라벨링데이터/VL1/일상생활및구어체_한영_valid_set.json,.json,121536888,2026-08-16T13:03:51+09:00,NONE,02dce9c0cc9c6da6ef088b410715b0397d667f349ad05df9ce8be91aacd6a1cc,unknown,PARSEABLE,,"{""candidate_record_path"": ""root.data[*]"", ""top_level_type"": ""object""}"
LOCAL_DIR_025,data/raw/aigub/025.일상생활 및 구어체 한-영 번역 병렬 말뭉치 데이터/01.데이터/2.Validation/원천데이터/VS1/일상생활및구어체_영한_valid_set.json,.json,131341219,2026-08-16T13:03:51+09:00,NONE,ca574c2d5c14efd8513ed95a6a950ffe14896b1cfc1ada77db7f8fd5f4358c3c,unknown,PARSEABLE,,"{""candidate_record_path"": ""root.data[*]"", ""top_level_type"": ""object""}"
LOCAL_DIR_025,data/raw/aigub/025.일상생활 및 구어체 한-영 번역 병렬 말뭉치 데이터/01.데이터/2.Validation/원천데이터/VS1/일상생활및구어체_한영_valid_set.json,.json,121536888,2026-08-16T13:03:51+09:00,NONE,02dce9c0cc9c6da6ef088b410715b0397d667f349ad05df9ce8be91aacd6a1cc,unknown,PARSEABLE,,"{""candidate_record_path"": ""root.data[*]"", ""top_level_type"": ""object""}"
LOCAL_DIR_025,data/raw/aigub/025.일상생활 및 구어체 한-영 번역 병렬 말뭉치 데이터/01.데이터/2.Validation/원천데이터/VS1.zip,.zip,30422138,2026-08-16T13:03:45+09:00,zip,f7cd73e0be354dfa554cf7ca8ae1b30148d459a5d9b7205420a3ab8814c45efc,archive,PARSEABLE,,"{""bad_member"": null, ""members"": [{""bytes"": 131341219, ""name"": ""일상생활및구어체_영한_valid_set.json""}, {""bytes"": 121536888, ""name"": ""일상생활및구어체_한영_valid_set.json""}]}"
LOCAL_DIR_026,data/raw/aigub/026.기술과학 분야 한-영 번역 병렬 말뭉치 데이터/01.데이터/1.Training/라벨링데이터/TL1/기술과학분야_한영_train_set.json,.json,1640578869,2026-08-16T13:18:24+09:00,NONE,b08ea5e620cc25d23e4cd263d0146e64f1673de04d1d865c082ff89938b97880,unknown,PARSEABLE,,"{""candidate_record_path"": ""root.data[*]"", ""top_level_type"": ""object""}"
LOCAL_DIR_026,data/raw/aigub/026.기술과학 분야 한-영 번역 병렬 말뭉치 데이터/01.데이터/1.Training/원천데이터/TS1/기술과학분야_한영_train_set.json,.json,1640578869,2026-08-16T13:18:24+09:00,NONE,b08ea5e620cc25d23e4cd263d0146e64f1673de04d1d865c082ff89938b97880,unknown,PARSEABLE,,"{""candidate_record_path"": ""root.data[*]"", ""top_level_type"": ""object""}"
LOCAL_DIR_026,data/raw/aigub/026.기술과학 분야 한-영 번역 병렬 말뭉치 데이터/01.데이터/2.Validation/라벨링데이터/VL1/기술과학분야_한영_valid_set.json,.json,205220147,2026-08-16T13:17:33+09:00,NONE,7e4adc920654a3321539f214ae082e273d6a38abfe59c5a2f9282208a3a41863,unknown,PARSEABLE,,"{""candidate_record_path"": ""root.data[*]"", ""top_level_type"": ""object""}"
LOCAL_DIR_026,data/raw/aigub/026.기술과학 분야 한-영 번역 병렬 말뭉치 데이터/01.데이터/2.Validation/원천데이터/VS1/기술과학분야_한영_valid_set.json,.json,205220147,2026-08-16T13:17:33+09:00,NONE,7e4adc920654a3321539f214ae082e273d6a38abfe59c5a2f9282208a3a41863,unknown,PARSEABLE,,"{""candidate_record_path"": ""root.data[*]"", ""top_level_type"": ""object""}"
LOCAL_LEGACY_KO_EN_XLSX,data/raw/aigub/한국어-영어 번역(병렬) 말뭉치/1_구어체(1).xlsx,.xlsx,15816496,2026-08-16T13:19:27+09:00,NONE,0fd712b2d62c054bed364fd41af59019a3cc6c05093d0541f538029996b240a8,spreadsheet,PARSEABLE,,"{""sheets"": [{""headers"": [""SID"", ""원문"", ""번역문""], ""max_column"": 3, ""max_row"": 200001, ""sheet"": ""Sheet0""}]}"
LOCAL_LEGACY_KO_EN_XLSX,data/raw/aigub/한국어-영어 번역(병렬) 말뭉치/1_구어체(2).xlsx,.xlsx,14317360,2026-08-16T13:19:27+09:00,NONE,f673f1c8fb73bad83e9ba097a45e47883f94d009d51ad42e636ce32c67d13219,spreadsheet,PARSEABLE,,"{""sheets"": [{""headers"": [""SID"", ""원문"", ""번역문""], ""max_column"": 4, ""max_row"": 200001, ""sheet"": ""Sheet0""}]}"
LOCAL_LEGACY_KO_EN_XLSX,data/raw/aigub/한국어-영어 번역(병렬) 말뭉치/2_대화체.xlsx,.xlsx,9566182,2026-08-16T13:19:27+09:00,NONE,b98b105d8f5efd20d6a1a6a69071d8b13ddc337c817c17f78100b1b793d20dd1,spreadsheet,PARSEABLE,,"{""sheets"": [{""headers"": [""대분류"", ""소분류"", ""상황"", ""Set Nr."", ""발화자"", ""원문"", ""번역문""], ""max_column"": 7, ""max_row"": 100001, ""sheet"": ""Sheet0""}]}"
LOCAL_LEGACY_KO_EN_XLSX,data/raw/aigub/한국어-영어 번역(병렬) 말뭉치/3_문어체_뉴스(1)/3_문어체_뉴스(1)_200226.xlsx,.xlsx,51434832,2026-08-16T13:19:29+09:00,NONE,a4de4cb3a40831cf673be39a35b64945e1ea0838eca143b70b12331f2e0ce365,spreadsheet,PARSEABLE,,"{""sheets"": [{""headers"": [""ID"", ""날짜"", ""자동분류1"", ""자동분류2"", ""자동분류3"", ""URL"", ""언론사"", ""원문"", ""번역문""], ""max_column"": 9, ""max_row"": 200012, ""sheet"": ""0""}]}"
LOCAL_LEGACY_KO_EN_XLSX,data/raw/aigub/한국어-영어 번역(병렬) 말뭉치/3_문어체_뉴스(2).xlsx,.xlsx,42678691,2026-08-16T13:19:29+09:00,NONE,b1ff2e1fb6c9b10a2d90e0b205963e79215858eff45657be70004bfe816118d1,spreadsheet,PARSEABLE,,"{""sheets"": [{""headers"": [""ID"", ""날짜"", ""자동분류1"", ""자동분류2"", ""자동분류3"", ""URL"", ""언론사"", ""원문"", ""번역문""], ""max_column"": 9, ""max_row"": 200542, ""sheet"": ""0""}]}"
LOCAL_LEGACY_KO_EN_XLSX,data/raw/aigub/한국어-영어 번역(병렬) 말뭉치/3_문어체_뉴스(3).xlsx,.xlsx,54225893,2026-08-16T13:19:29+09:00,NONE,1deaa6e2cbe1168083de2401c08e283ccf070118dc3842f4832633d95b91b829,spreadsheet,PARSEABLE,,"{""sheets"": [{""headers"": [""ID"", ""날짜"", ""자동분류1"", ""자동분류2"", ""자동분류3"", ""URL"", ""언론사"", ""원문"", ""번역문""], ""max_column"": 9, ""max_row"": 200836, ""sheet"": ""0""}]}"
LOCAL_LEGACY_KO_EN_XLSX,data/raw/aigub/한국어-영어 번역(병렬) 말뭉치/3_문어체_뉴스(4).xlsx,.xlsx,46195584,2026-08-16T13:19:29+09:00,NONE,56434ff93133e9349d1ed4a93ef557907c166fe5baf2b5545f7085000f578cf2,spreadsheet,PARSEABLE,,"{""sheets"": [{""headers"": [""ID"", ""날짜"", ""자동분류1"", ""자동분류2"", ""자동분류3"", ""URL"", ""언론사"", ""원문"", ""번역문""], ""max_column"": 9, ""max_row"": 200001, ""sheet"": ""0""}]}"
LOCAL_LEGACY_KO_EN_XLSX,data/raw/aigub/한국어-영어 번역(병렬) 말뭉치/4_문어체_한국문화.xlsx,.xlsx,15981787,2026-08-16T13:19:27+09:00,NONE,a0f5f64b99f644ce634661f8b8c478202adea50d6be147cd3ee2e18e3eb44035,spreadsheet,PARSEABLE,,"{""sheets"": [{""headers"": [""ID"", ""키워드"", ""원문"", ""번역문""], ""max_column"": 5, ""max_row"": 100647, ""sheet"": ""Sheet0""}]}"
LOCAL_LEGACY_KO_EN_XLSX,data/raw/aigub/한국어-영어 번역(병렬) 말뭉치/5_문어체_조례.xlsx,.xlsx,15355237,2026-08-16T13:19:27+09:00,NONE,063259a9c136d6206c828c22ab06d66f07afb8d9af7a74a6fa3f2274983145ca,spreadsheet,PARSEABLE,,"{""sheets"": [{""headers"": [""ID"", ""지자체"", ""원문"", ""번역문""], ""max_column"": 5, ""max_row"": 100299, ""sheet"": ""Sheet0""}]}"
LOCAL_LEGACY_KO_EN_XLSX,data/raw/aigub/한국어-영어 번역(병렬) 말뭉치/6_문어체_지자체웹사이트.xlsx,.xlsx,17457662,2026-08-16T13:19:27+09:00,NONE,322da04a7912ca24d7e81b9a0906c739a43660e25320584f0a3793c18d20c995,spreadsheet,PARSEABLE,,"{""sheets"": [{""headers"": [""ID"", ""지자체"", ""원문"", ""번역문""], ""max_column"": 5, ""max_row"": 100088, ""sheet"": ""Sheet0""}]}"
